Название;ID;Результат;Sprite;Источник наследования;Файл;Найденные модели
ХM41 Redeye;usa_xm41_redeye_equipment;"Отдельная привязка техники не найдена; возможна общая модель батальона";;;common/units/equipment/ES_aa_equipments_nto.txt;[]
FIM-43 Redeye (Block 1);usa_fim43_redeye_equipment;"Отдельная привязка техники не найдена; возможна общая модель батальона";;;common/units/equipment/ES_aa_equipments_nto.txt;[]
FIM-92 Stinger;usa_fim92_stinger_equipment;"Отдельная привязка техники не найдена; возможна общая модель батальона";;;common/units/equipment/ES_aa_equipments_nto.txt;[]
FIM-92 Stinger-POST;usa_fim92_stinger_post_equipment;"Отдельная привязка техники не найдена; возможна общая модель батальона";;;common/units/equipment/ES_aa_equipments_nto.txt;[]
FIM-92 Stinger RMP I (E);usa_fim92_stinger_rmp_e_equipment;"Отдельная привязка техники не найдена; возможна общая модель батальона";;;common/units/equipment/ES_aa_equipments_nto.txt;[]
FIM-92 Stinger RMP Block II (F);usa_fim92_stinger_rmp_f_equipment;"Отдельная привязка техники не найдена; возможна общая модель батальона";;;common/units/equipment/ES_aa_equipments_nto.txt;[]
FIM-92J Stinger;usa_fim92j_stinger_equipment;"Отдельная привязка техники не найдена; возможна общая модель батальона";;;common/units/equipment/ES_aa_equipments_nto.txt;[]
Blowpipe;eng_blowpipe_equipment;"Отдельная привязка техники не найдена; возможна общая модель батальона";;;common/units/equipment/ES_aa_equipments_nto.txt;[]
Javelin;eng_javelin_equipment;"Отдельная привязка техники не найдена; возможна общая модель батальона";;;common/units/equipment/ES_aa_equipments_nto.txt;[]
Starburst;eng_starburst_equipment;"Отдельная привязка техники не найдена; возможна общая модель батальона";;;common/units/equipment/ES_aa_equipments_nto.txt;[]
Starstreak;eng_starstreak_equipment;"Отдельная привязка техники не найдена; возможна общая модель батальона";;;common/units/equipment/ES_aa_equipments_nto.txt;[]
Martlet;eng_martlet_equipment;"Отдельная привязка техники не найдена; возможна общая модель батальона";;;common/units/equipment/ES_aa_equipments_nto.txt;[]
Mistral;fra_mistral_equipment;"Отдельная привязка техники не найдена; возможна общая модель батальона";;;common/units/equipment/ES_aa_equipments_nto.txt;[]
RBS 70;swe_rbs70_equipment;"Отдельная привязка техники не найдена; возможна общая модель батальона";;;common/units/equipment/ES_aa_equipments_nto.txt;[]
RBS 70M;swe_rbs70m_equipment;"Отдельная привязка техники не найдена; возможна общая модель батальона";;;common/units/equipment/ES_aa_equipments_nto.txt;[]
RBS 90;swe_rbs90_equipment;"Отдельная привязка техники не найдена; возможна общая модель батальона";;;common/units/equipment/ES_aa_equipments_nto.txt;[]
ПЗРК Grom;pol_grom_equipment;"Отдельная привязка техники не найдена; возможна общая модель батальона";;;common/units/equipment/ES_aa_equipments_nto.txt;[]
ПЗРК Piorun;pol_piorun_equipment;"Отдельная привязка техники не найдена; возможна общая модель батальона";;;common/units/equipment/ES_aa_equipments_nto.txt;[]
"9К338 \""Игла-С\""";aa_9k338_igla_s_equipment;"Отдельная привязка техники не найдена; возможна общая модель батальона";;;common/units/equipment/ES_aa_equipments_rus.txt;[]
"9К333 \""Верба\""";aa_9k333_verba_equipment;"Отдельная привязка техники не найдена; возможна общая модель батальона";;;common/units/equipment/ES_aa_equipments_rus.txt;[]
"ПЗРК \""Метка\""";aa_metka_equipment;"Отдельная привязка техники не найдена; возможна общая модель батальона";;;common/units/equipment/ES_aa_equipments_rus.txt;[]
"ПЗРК 9К32 \""Стрела-2\""";aa_9k32_strela_2_equipment;"Отдельная привязка техники не найдена; возможна общая модель батальона";;;common/units/equipment/ES_aa_equipments_sov.txt;[]
"ПЗРК 9К34 \""Стрела-3\""";aa_9k34_strela_3_equipment;"Отдельная привязка техники не найдена; возможна общая модель батальона";;;common/units/equipment/ES_aa_equipments_sov.txt;[]
"ПЗРК 9К38 \""Игла\""";aa_9k38_igla_equipment;"Отдельная привязка техники не найдена; возможна общая модель батальона";;;common/units/equipment/ES_aa_equipments_sov.txt;[]
Игла-1;infantry_aa_igla1_equipment;"Отдельная привязка техники не найдена; возможна общая модель батальона";;;common/units/equipment/ES_aa_equipments_ukr.txt;[]
Игла-1М;infantry_aa_igla1m_equipment;"Отдельная привязка техники не найдена; возможна общая модель батальона";;;common/units/equipment/ES_aa_equipments_ukr.txt;[]
РК-10;infantry_aa_rk10_equipment;"Отдельная привязка техники не найдена; возможна общая модель батальона";;;common/units/equipment/ES_aa_equipments_ukr.txt;[]
Шасси БМД-1;afv_sov_bmd1_equipment;Модель из мода;sp_atgm;afv_sov_bmd1_equipment;common/units/equipment/ES_afv_chassis_sov_bmd1.txt;"[[""sp_atgm_entity"", ""mod"", ""gfx/models/units/tanks/2s1.mesh""]]"
ЛТ на базе БМД-1;light_tank_afv_sov_bmd1_equipment;"Отдельная привязка техники не найдена; возможна общая модель батальона";;;common/units/equipment/ES_afv_chassis_sov_bmd1.txt;[]
ЗРК на базе БМД-1;sp_aa_afv_sov_bmd1_equipment;"Отдельная привязка техники не найдена; возможна общая модель батальона";;;common/units/equipment/ES_afv_chassis_sov_bmd1.txt;[]
Мобильная установка с ПТУР на базе БМД-1;sp_atgm_afv_sov_bmd1_equipment;"Отдельная привязка техники не найдена; возможна общая модель батальона";;;common/units/equipment/ES_afv_chassis_sov_bmd1.txt;[]
ИМР на базе БМД-1;arv_afv_sov_bmd1_equipment;"Отдельная привязка техники не найдена; возможна общая модель батальона";;;common/units/equipment/ES_afv_chassis_sov_bmd1.txt;[]
БТР на базе БМД-1;apc_afv_sov_bmd1_equipment;Ссылка на отсутствующую entity;RUS_BMD_1;afv_sov_chassis;common/units/equipment/ES_afv_chassis_sov_bmd1.txt;[]
САУ на базе БМД-1;sp_artillery_afv_sov_bmd1_equipment;"Отдельная привязка техники не найдена; возможна общая модель батальона";;;common/units/equipment/ES_afv_chassis_sov_bmd1.txt;[]
РСЗО на базе БМД-1;sp_mlrs_afv_sov_bmd1_equipment;"Отдельная привязка техники не найдена; возможна общая модель батальона";;;common/units/equipment/ES_afv_chassis_sov_bmd1.txt;[]
Шасси БМД-2;afv_sov_bmd2_equipment;Модель из мода;sp_atgm;afv_sov_bmd1_equipment;common/units/equipment/ES_afv_chassis_sov_bmd2.txt;"[[""sp_atgm_entity"", ""mod"", ""gfx/models/units/tanks/2s1.mesh""]]"
ЛТ на базе БМД-2;light_tank_afv_sov_bmd2_equipment;"Отдельная привязка техники не найдена; возможна общая модель батальона";;;common/units/equipment/ES_afv_chassis_sov_bmd2.txt;[]
ЗРК на базе БМД-2;sp_aa_afv_sov_bmd2_equipment;"Отдельная привязка техники не найдена; возможна общая модель батальона";;;common/units/equipment/ES_afv_chassis_sov_bmd2.txt;[]
Мобильная установка с ПТУР на базе БМД-2;sp_atgm_afv_sov_bmd2_equipment;"Отдельная привязка техники не найдена; возможна общая модель батальона";;;common/units/equipment/ES_afv_chassis_sov_bmd2.txt;[]
ИМР на базе БМД-2;arv_afv_sov_bmd2_equipment;"Отдельная привязка техники не найдена; возможна общая модель батальона";;;common/units/equipment/ES_afv_chassis_sov_bmd2.txt;[]
БТР на базе БМД-2;apc_afv_sov_bmd2_equipment;Ссылка на отсутствующую entity;RUS_BMD_1;afv_sov_chassis;common/units/equipment/ES_afv_chassis_sov_bmd2.txt;[]
САУ на базе БМД-2;sp_artillery_afv_sov_bmd2_equipment;"Отдельная привязка техники не найдена; возможна общая модель батальона";;;common/units/equipment/ES_afv_chassis_sov_bmd2.txt;[]
РСЗО на базе БМД-2;sp_mlrs_afv_sov_bmd2_equipment;"Отдельная привязка техники не найдена; возможна общая модель батальона";;;common/units/equipment/ES_afv_chassis_sov_bmd2.txt;[]
Шасси БМД-3;afv_sov_bmd3_equipment;Модель из мода;sp_atgm;afv_sov_bmd1_equipment;common/units/equipment/ES_afv_chassis_sov_bmd3.txt;"[[""sp_atgm_entity"", ""mod"", ""gfx/models/units/tanks/2s1.mesh""]]"
ЛТ на базе БМД-3;light_tank_afv_sov_bmd3_equipment;"Отдельная привязка техники не найдена; возможна общая модель батальона";;;common/units/equipment/ES_afv_chassis_sov_bmd3.txt;[]
ЗРК на базе БМД-3;sp_aa_afv_sov_bmd3_equipment;"Отдельная привязка техники не найдена; возможна общая модель батальона";;;common/units/equipment/ES_afv_chassis_sov_bmd3.txt;[]
Мобильная установка с ПТУР на базе БМД-3;sp_atgm_afv_sov_bmd3_equipment;"Отдельная привязка техники не найдена; возможна общая модель батальона";;;common/units/equipment/ES_afv_chassis_sov_bmd3.txt;[]
ИМР на базе БМД-3;arv_afv_sov_bmd3_equipment;"Отдельная привязка техники не найдена; возможна общая модель батальона";;;common/units/equipment/ES_afv_chassis_sov_bmd3.txt;[]
БТР на базе БМД-3;apc_afv_sov_bmd3_equipment;Ссылка на отсутствующую entity;RUS_BMD_1;afv_sov_chassis;common/units/equipment/ES_afv_chassis_sov_bmd3.txt;[]
САУ на базе БМД-3;sp_artillery_afv_sov_bmd3_equipment;"Отдельная привязка техники не найдена; возможна общая модель батальона";;;common/units/equipment/ES_afv_chassis_sov_bmd3.txt;[]
РСЗО на базе БМД-3;sp_mlrs_afv_sov_bmd3_equipment;"Отдельная привязка техники не найдена; возможна общая модель батальона";;;common/units/equipment/ES_afv_chassis_sov_bmd3.txt;[]
Шасси БМД-4;afv_rus_bmd4_equipment;Модель из мода;sp_atgm;afv_sov_bmd1_equipment;common/units/equipment/ES_afv_chassis_sov_bmd4.txt;"[[""sp_atgm_entity"", ""mod"", ""gfx/models/units/tanks/2s1.mesh""]]"
ЛТ на базе БМД-4;light_tank_afv_rus_bmd4_equipment;"Отдельная привязка техники не найдена; возможна общая модель батальона";;;common/units/equipment/ES_afv_chassis_sov_bmd4.txt;[]
ЗРК на базе БМД-4;sp_aa_afv_rus_bmd4_equipment;"Отдельная привязка техники не найдена; возможна общая модель батальона";;;common/units/equipment/ES_afv_chassis_sov_bmd4.txt;[]
Мобильная установка с ПТУР на базе БМД-4;sp_atgm_afv_rus_bmd4_equipment;"Отдельная привязка техники не найдена; возможна общая модель батальона";;;common/units/equipment/ES_afv_chassis_sov_bmd4.txt;[]
ИМР на базе БМД-4;arv_afv_rus_bmd4_equipment;"Отдельная привязка техники не найдена; возможна общая модель батальона";;;common/units/equipment/ES_afv_chassis_sov_bmd4.txt;[]
БТР на базе БМД-4;apc_afv_rus_bmd4_equipment;Ссылка на отсутствующую entity;RUS_BMD_1;afv_sov_chassis;common/units/equipment/ES_afv_chassis_sov_bmd4.txt;[]
САУ на базе БМД-4;sp_artillery_afv_rus_bmd4_equipment;"Отдельная привязка техники не найдена; возможна общая модель батальона";;;common/units/equipment/ES_afv_chassis_sov_bmd4.txt;[]
РСЗО на базе БМД-4;sp_mlrs_afv_rus_bmd4_equipment;"Отдельная привязка техники не найдена; возможна общая модель батальона";;;common/units/equipment/ES_afv_chassis_sov_bmd4.txt;[]
Шасси FV423;apc_eng_fv432_equipment;"Отдельная привязка техники не найдена; возможна общая модель батальона";;;common/units/equipment/ES_apc_chassis_eng_fv432.txt;[]
ЛТ на базе FV423;light_tank_apc_eng_fv432_equipment;"Отдельная привязка техники не найдена; возможна общая модель батальона";;;common/units/equipment/ES_apc_chassis_eng_fv432.txt;[]
ЗРК на базе FV423;sp_aa_apc_eng_fv432_equipment;"Отдельная привязка техники не найдена; возможна общая модель батальона";;;common/units/equipment/ES_apc_chassis_eng_fv432.txt;[]
Мобильный ПТРК на базе FV423;sp_atgm_apc_eng_fv432_equipment;"Отдельная привязка техники не найдена; возможна общая модель батальона";;;common/units/equipment/ES_apc_chassis_eng_fv432.txt;[]
ИМР на базе FV423;arv_apc_eng_fv432_equipment;"Отдельная привязка техники не найдена; возможна общая модель батальона";;;common/units/equipment/ES_apc_chassis_eng_fv432.txt;[]
САУ на базе FV423;sp_artillery_apc_eng_fv432_equipment;"Отдельная привязка техники не найдена; возможна общая модель батальона";;;common/units/equipment/ES_apc_chassis_eng_fv432.txt;[]
Шасси CAVS;apc_euro_CAVS_equipment;"Отдельная привязка техники не найдена; возможна общая модель батальона";;;common/units/equipment/ES_apc_chassis_euro_CAVS.txt;[]
light_tank_apc_euro_CAVS_equipment;light_tank_apc_euro_CAVS_equipment;"Отдельная привязка техники не найдена; возможна общая модель батальона";;;common/units/equipment/ES_apc_chassis_euro_CAVS.txt;[]
sp_aa_apc_euro_CAVS_equipment;sp_aa_apc_euro_CAVS_equipment;"Отдельная привязка техники не найдена; возможна общая модель батальона";;;common/units/equipment/ES_apc_chassis_euro_CAVS.txt;[]
sp_atgm_apc_euro_CAVS_equipment;sp_atgm_apc_euro_CAVS_equipment;"Отдельная привязка техники не найдена; возможна общая модель батальона";;;common/units/equipment/ES_apc_chassis_euro_CAVS.txt;[]
arv_apc_euro_CAVS_equipment;arv_apc_euro_CAVS_equipment;"Отдельная привязка техники не найдена; возможна общая модель батальона";;;common/units/equipment/ES_apc_chassis_euro_CAVS.txt;[]
sp_artillery_apc_euro_CAVS_equipment;sp_artillery_apc_euro_CAVS_equipment;"Отдельная привязка техники не найдена; возможна общая модель батальона";;;common/units/equipment/ES_apc_chassis_euro_CAVS.txt;[]
Шасси VAB;apc_fra_VAB_equipment;"Отдельная привязка техники не найдена; возможна общая модель батальона";;;common/units/equipment/ES_apc_chassis_fra_VAB.txt;[]
ЛТ на базе VAB;light_tank_apc_fra_VAB_equipment;"Отдельная привязка техники не найдена; возможна общая модель батальона";;;common/units/equipment/ES_apc_chassis_fra_VAB.txt;[]
ЗРК на базе VAB;sp_aa_apc_fra_VAB_equipment;"Отдельная привязка техники не найдена; возможна общая модель батальона";;;common/units/equipment/ES_apc_chassis_fra_VAB.txt;[]
Мобильный ПТРК на базе VAB;sp_atgm_apc_fra_VAB_equipment;"Отдельная привязка техники не найдена; возможна общая модель батальона";;;common/units/equipment/ES_apc_chassis_fra_VAB.txt;[]
ИМР на базе VAB;arv_apc_fra_VAB_equipment;"Отдельная привязка техники не найдена; возможна общая модель батальона";;;common/units/equipment/ES_apc_chassis_fra_VAB.txt;[]
САУ на базе VAB;sp_artillery_apc_fra_VAB_equipment;"Отдельная привязка техники не найдена; возможна общая модель батальона";;;common/units/equipment/ES_apc_chassis_fra_VAB.txt;[]
Шасси Boxer;apc_ger_boxer_equipment;"Отдельная привязка техники не найдена; возможна общая модель батальона";;;common/units/equipment/ES_apc_chassis_ger_boxer.txt;[]
ЛТ на базе Boxer;light_tank_apc_ger_boxer_equipment;"Отдельная привязка техники не найдена; возможна общая модель батальона";;;common/units/equipment/ES_apc_chassis_ger_boxer.txt;[]
ЗРК на базе Boxer;sp_aa_apc_ger_boxer_equipment;"Отдельная привязка техники не найдена; возможна общая модель батальона";;;common/units/equipment/ES_apc_chassis_ger_boxer.txt;[]
Мобильный ПТРК на базе Boxer;sp_atgm_apc_ger_boxer_equipment;"Отдельная привязка техники не найдена; возможна общая модель батальона";;;common/units/equipment/ES_apc_chassis_ger_boxer.txt;[]
ИМР на базе Boxer;arv_apc_ger_boxer_equipment;"Отдельная привязка техники не найдена; возможна общая модель батальона";;;common/units/equipment/ES_apc_chassis_ger_boxer.txt;[]
САУ на базе Boxer;sp_artillery_apc_ger_boxer_equipment;"Отдельная привязка техники не найдена; возможна общая модель батальона";;;common/units/equipment/ES_apc_chassis_ger_boxer.txt;[]
Шасси TPz 1 Fuchs;apc_ger_fuchs_equipment;"Отдельная привязка техники не найдена; возможна общая модель батальона";;;common/units/equipment/ES_apc_chassis_ger_fuchs.txt;[]
ЛТ на базе TPz 1 Fuchs;light_tank_apc_ger_fuchs_equipment;"Отдельная привязка техники не найдена; возможна общая модель батальона";;;common/units/equipment/ES_apc_chassis_ger_fuchs.txt;[]
ЗРК на базе TPz 1 Fuchs;sp_aa_apc_ger_fuchs_equipment;"Отдельная привязка техники не найдена; возможна общая модель батальона";;;common/units/equipment/ES_apc_chassis_ger_fuchs.txt;[]
Мобильный ПТРК на базе TPz 1 Fuchs;sp_atgm_apc_ger_fuchs_equipment;"Отдельная привязка техники не найдена; возможна общая модель батальона";;;common/units/equipment/ES_apc_chassis_ger_fuchs.txt;[]
ИМР на базе TPz 1 Fuchs;arv_apc_ger_fuchs_equipment;"Отдельная привязка техники не найдена; возможна общая модель батальона";;;common/units/equipment/ES_apc_chassis_ger_fuchs.txt;[]
САУ на базе TPz 1 Fuchs;sp_artillery_apc_ger_fuchs_equipment;"Отдельная привязка техники не найдена; возможна общая модель батальона";;;common/units/equipment/ES_apc_chassis_ger_fuchs.txt;[]
Шасси Freccia;apc_ita_freccia_equipment;"Отдельная привязка техники не найдена; возможна общая модель батальона";;;common/units/equipment/ES_apc_chassis_ita_freccia.txt;[]
ЛТ на базе Freccia;light_tank_apc_ita_freccia_equipment;"Отдельная привязка техники не найдена; возможна общая модель батальона";;;common/units/equipment/ES_apc_chassis_ita_freccia.txt;[]
ЗРК на базе Freccia;sp_aa_apc_ita_freccia_equipment;"Отдельная привязка техники не найдена; возможна общая модель батальона";;;common/units/equipment/ES_apc_chassis_ita_freccia.txt;[]
Мобильный ПТРК на базе Freccia;sp_atgm_apc_ita_freccia_equipment;"Отдельная привязка техники не найдена; возможна общая модель батальона";;;common/units/equipment/ES_apc_chassis_ita_freccia.txt;[]
ИМР на базе Freccia;arv_apc_ita_freccia_equipment;"Отдельная привязка техники не найдена; возможна общая модель батальона";;;common/units/equipment/ES_apc_chassis_ita_freccia.txt;[]
САУ на базе Freccia;sp_artillery_apc_ita_freccia_equipment;"Отдельная привязка техники не найдена; возможна общая модель батальона";;;common/units/equipment/ES_apc_chassis_ita_freccia.txt;[]
Шасси Rosomak;apc_pol_rosomak_equipment;"Отдельная привязка техники не найдена; возможна общая модель батальона";;;common/units/equipment/ES_apc_chassis_pol_rosomak.txt;[]
ЛТ на базе Rosomak;light_tank_apc_pol_rosomak_equipment;"Отдельная привязка техники не найдена; возможна общая модель батальона";;;common/units/equipment/ES_apc_chassis_pol_rosomak.txt;[]
ЗРК на базе Rosomak;sp_aa_apc_pol_rosomak_equipment;"Отдельная привязка техники не найдена; возможна общая модель батальона";;;common/units/equipment/ES_apc_chassis_pol_rosomak.txt;[]
Мобильная ПТРК на базе Rosomak;sp_atgm_apc_pol_rosomak_equipment;"Отдельная привязка техники не найдена; возможна общая модель батальона";;;common/units/equipment/ES_apc_chassis_pol_rosomak.txt;[]
ИМР на базе Rosomak;arv_apc_pol_rosomak_equipment;"Отдельная привязка техники не найдена; возможна общая модель батальона";;;common/units/equipment/ES_apc_chassis_pol_rosomak.txt;[]
САУ на базе Rosomak;sp_artillery_apc_pol_rosomak_equipment;"Отдельная привязка техники не найдена; возможна общая модель батальона";;;common/units/equipment/ES_apc_chassis_pol_rosomak.txt;[]
Шасси БТР-50;apc_sov_btr50_equipment;"Отдельная привязка техники не найдена; возможна общая модель батальона";;;common/units/equipment/ES_apc_chassis_sov.txt;[]
ЛТ на базе БТР-50;light_tank_apc_sov_btr50_equipment;"Отдельная привязка техники не найдена; возможна общая модель батальона";;;common/units/equipment/ES_apc_chassis_sov.txt;[]
ЗРК на базе БТР-50;sp_aa_apc_sov_btr50_equipment;"Отдельная привязка техники не найдена; возможна общая модель батальона";;;common/units/equipment/ES_apc_chassis_sov.txt;[]
Мобильная установка с ПТУР на базе БТР-50;sp_atgm_apc_sov_btr50_equipment;"Отдельная привязка техники не найдена; возможна общая модель батальона";;;common/units/equipment/ES_apc_chassis_sov.txt;[]
ИМР на базе БТР-50;arv_apc_sov_btr50_equipment;"Отдельная привязка техники не найдена; возможна общая модель батальона";;;common/units/equipment/ES_apc_chassis_sov.txt;[]
САУ на базе БТР-50;sp_artillery_apc_sov_btr50_equipment;"Отдельная привязка техники не найдена; возможна общая модель батальона";;;common/units/equipment/ES_apc_chassis_sov.txt;[]
Шасси МТ-ЛБ;apc_sov_mtlb_equipment;"Отдельная привязка техники не найдена; возможна общая модель батальона";;;common/units/equipment/ES_apc_chassis_sov.txt;[]
ЛТ на базе МТ-ЛБ;light_tank_apc_sov_mtlb_equipment;"Отдельная привязка техники не найдена; возможна общая модель батальона";;;common/units/equipment/ES_apc_chassis_sov.txt;[]
ЗРК на базе МТ-ЛБ;sp_aa_apc_sov_mtlb_equipment;"Отдельная привязка техники не найдена; возможна общая модель батальона";;;common/units/equipment/ES_apc_chassis_sov.txt;[]
Мобильная установка с ПТУР на базе МТ-ЛБ;sp_atgm_apc_sov_mtlb_equipment;"Отдельная привязка техники не найдена; возможна общая модель батальона";;;common/units/equipment/ES_apc_chassis_sov.txt;[]
ИМР на базе МТ-ЛБ;arv_apc_sov_mtlb_equipment;"Отдельная привязка техники не найдена; возможна общая модель батальона";;;common/units/equipment/ES_apc_chassis_sov.txt;[]
САУ на базе МТ-ЛБ;sp_artillery_apc_sov_mtlb_equipment;"Отдельная привязка техники не найдена; возможна общая модель батальона";;;common/units/equipment/ES_apc_chassis_sov.txt;[]
РСЗО на базе МТ-ЛБ;sp_mlrs_apc_sov_mtlb_equipment;"Отдельная привязка техники не найдена; возможна общая модель батальона";;;common/units/equipment/ES_apc_chassis_sov.txt;[]
ТОС на базе МТ-ЛБ;sp_tos_apc_sov_mtlb_equipment;"Отдельная привязка техники не найдена; возможна общая модель батальона";;;common/units/equipment/ES_apc_chassis_sov.txt;[]
Шасси БТР-60;apc_sov_btr60_equipment;"Отдельная привязка техники не найдена; возможна общая модель батальона";;;common/units/equipment/ES_apc_chassis_sov.txt;[]
ЛТ на базе БТР-60;light_tank_apc_sov_btr60_equipment;"Отдельная привязка техники не найдена; возможна общая модель батальона";;;common/units/equipment/ES_apc_chassis_sov.txt;[]
ЗРК на базе БТР-60;sp_aa_apc_sov_btr60_equipment;"Отдельная привязка техники не найдена; возможна общая модель батальона";;;common/units/equipment/ES_apc_chassis_sov.txt;[]
Мобильная установка с ПТУР на базе БТР-60;sp_atgm_apc_sov_btr60_equipment;"Отдельная привязка техники не найдена; возможна общая модель батальона";;;common/units/equipment/ES_apc_chassis_sov.txt;[]
ИМР на базе БТР-60;arv_apc_sov_btr60_equipment;"Отдельная привязка техники не найдена; возможна общая модель батальона";;;common/units/equipment/ES_apc_chassis_sov.txt;[]
САУ на базе БТР-60;sp_artillery_apc_sov_btr60_equipment;"Отдельная привязка техники не найдена; возможна общая модель батальона";;;common/units/equipment/ES_apc_chassis_sov.txt;[]
Шасси БТР-70;apc_sov_btr70_equipment;"Отдельная привязка техники не найдена; возможна общая модель батальона";;;common/units/equipment/ES_apc_chassis_sov.txt;[]
ЛТ на базе БТР-70;light_tank_apc_sov_btr70_equipment;"Отдельная привязка техники не найдена; возможна общая модель батальона";;;common/units/equipment/ES_apc_chassis_sov.txt;[]
ЗРК на базе БТР-70;sp_aa_apc_sov_btr70_equipment;"Отдельная привязка техники не найдена; возможна общая модель батальона";;;common/units/equipment/ES_apc_chassis_sov.txt;[]
Мобильная установка с ПТУР на базе БТР-70;sp_atgm_apc_sov_btr70_equipment;"Отдельная привязка техники не найдена; возможна общая модель батальона";;;common/units/equipment/ES_apc_chassis_sov.txt;[]
ИМР на базе БТР-70;arv_apc_sov_btr70_equipment;"Отдельная привязка техники не найдена; возможна общая модель батальона";;;common/units/equipment/ES_apc_chassis_sov.txt;[]
САУ на базе БТР-70;sp_artillery_apc_sov_btr70_equipment;"Отдельная привязка техники не найдена; возможна общая модель батальона";;;common/units/equipment/ES_apc_chassis_sov.txt;[]
Шасси БТР-80;apc_sov_btr80_equipment;"Отдельная привязка техники не найдена; возможна общая модель батальона";;;common/units/equipment/ES_apc_chassis_sov.txt;[]
ЛТ на базе БТР-80;light_tank_apc_sov_btr80_equipment;"Отдельная привязка техники не найдена; возможна общая модель батальона";;;common/units/equipment/ES_apc_chassis_sov.txt;[]
ЗРК на базе БТР-80;sp_aa_apc_sov_btr80_equipment;"Отдельная привязка техники не найдена; возможна общая модель батальона";;;common/units/equipment/ES_apc_chassis_sov.txt;[]
Мобильная установка с ПТУР на базе БТР-80;sp_atgm_apc_sov_btr80_equipment;"Отдельная привязка техники не найдена; возможна общая модель батальона";;;common/units/equipment/ES_apc_chassis_sov.txt;[]
ИМР на базе БТР-80;arv_apc_sov_btr80_equipment;"Отдельная привязка техники не найдена; возможна общая модель батальона";;;common/units/equipment/ES_apc_chassis_sov.txt;[]
САУ на базе БТР-80;sp_artillery_apc_sov_btr80_equipment;"Отдельная привязка техники не найдена; возможна общая модель батальона";;;common/units/equipment/ES_apc_chassis_sov.txt;[]
Шасси БТР-87;apc_rus_btr87_equipment;"Отдельная привязка техники не найдена; возможна общая модель батальона";;;common/units/equipment/ES_apc_chassis_sov.txt;[]
ЛТ на базе БТР-87;light_tank_apc_rus_btr87_equipment;"Отдельная привязка техники не найдена; возможна общая модель батальона";;;common/units/equipment/ES_apc_chassis_sov.txt;[]
ЗРК на базе БТР-87;sp_aa_apc_rus_btr87_equipment;"Отдельная привязка техники не найдена; возможна общая модель батальона";;;common/units/equipment/ES_apc_chassis_sov.txt;[]
Мобильная установка с ПТУР на базе БТР-87;sp_atgm_apc_rus_btr87_equipment;"Отдельная привязка техники не найдена; возможна общая модель батальона";;;common/units/equipment/ES_apc_chassis_sov.txt;[]
ИМР на базе БТР-87;arv_apc_rus_btr87_equipment;"Отдельная привязка техники не найдена; возможна общая модель батальона";;;common/units/equipment/ES_apc_chassis_sov.txt;[]
САУ на базе БТР-87;sp_artillery_apc_rus_btr87_equipment;"Отдельная привязка техники не найдена; возможна общая модель батальона";;;common/units/equipment/ES_apc_chassis_sov.txt;[]
Шасси БТР-3;apc_ukr_btr3_equipment;"Отдельная привязка техники не найдена; возможна общая модель батальона";;;common/units/equipment/ES_apc_chassis_sov.txt;[]
ЛТ на базе БТР-3;light_tank_apc_ukr_btr3_equipment;"Отдельная привязка техники не найдена; возможна общая модель батальона";;;common/units/equipment/ES_apc_chassis_sov.txt;[]
ЗРК на базе БТР-3;sp_aa_apc_ukr_btr3_equipment;"Отдельная привязка техники не найдена; возможна общая модель батальона";;;common/units/equipment/ES_apc_chassis_sov.txt;[]
Мобильная установка с ПТУР на базе БТР-3;sp_atgm_apc_ukr_btr3_equipment;"Отдельная привязка техники не найдена; возможна общая модель батальона";;;common/units/equipment/ES_apc_chassis_sov.txt;[]
ИМР на базе БТР-3;arv_apc_ukr_btr3_equipment;"Отдельная привязка техники не найдена; возможна общая модель батальона";;;common/units/equipment/ES_apc_chassis_sov.txt;[]
САУ на базе БТР-3;sp_artillery_apc_ukr_btr3_equipment;"Отдельная привязка техники не найдена; возможна общая модель батальона";;;common/units/equipment/ES_apc_chassis_sov.txt;[]
Шасси БТР-90;apc_rus_btr90_equipment;"Отдельная привязка техники не найдена; возможна общая модель батальона";;;common/units/equipment/ES_apc_chassis_sov.txt;[]
ЛТ на базе БТР-90;light_tank_apc_rus_btr90_equipment;"Отдельная привязка техники не найдена; возможна общая модель батальона";;;common/units/equipment/ES_apc_chassis_sov.txt;[]
ЗРК на базе БТР-90;sp_aa_apc_rus_btr90_equipment;"Отдельная привязка техники не найдена; возможна общая модель батальона";;;common/units/equipment/ES_apc_chassis_sov.txt;[]
Мобильная установка с ПТУР на базе БТР-90;sp_atgm_apc_rus_btr90_equipment;"Отдельная привязка техники не найдена; возможна общая модель батальона";;;common/units/equipment/ES_apc_chassis_sov.txt;[]
ИМР на базе БТР-90;arv_apc_rus_btr90_equipment;"Отдельная привязка техники не найдена; возможна общая модель батальона";;;common/units/equipment/ES_apc_chassis_sov.txt;[]
САУ на базе БТР-90;sp_artillery_apc_rus_btr90_equipment;"Отдельная привязка техники не найдена; возможна общая модель батальона";;;common/units/equipment/ES_apc_chassis_sov.txt;[]
Шасси БТР-4;apc_ukr_btr4_equipment;"Отдельная привязка техники не найдена; возможна общая модель батальона";;;common/units/equipment/ES_apc_chassis_sov.txt;[]
ЛТ на базе БТР-4;light_tank_apc_ukr_btr4_equipment;"Отдельная привязка техники не найдена; возможна общая модель батальона";;;common/units/equipment/ES_apc_chassis_sov.txt;[]
ЗРК на базе БТР-4;sp_aa_apc_ukr_btr4_equipment;"Отдельная привязка техники не найдена; возможна общая модель батальона";;;common/units/equipment/ES_apc_chassis_sov.txt;[]
Мобильная установка с ПТУР на базе БТР-4;sp_atgm_apc_ukr_btr4_equipment;"Отдельная привязка техники не найдена; возможна общая модель батальона";;;common/units/equipment/ES_apc_chassis_sov.txt;[]
ИМР на базе БТР-4;arv_apc_ukr_btr4_equipment;"Отдельная привязка техники не найдена; возможна общая модель батальона";;;common/units/equipment/ES_apc_chassis_sov.txt;[]
САУ на базе БТР-4;sp_artillery_apc_ukr_btr4_equipment;"Отдельная привязка техники не найдена; возможна общая модель батальона";;;common/units/equipment/ES_apc_chassis_sov.txt;[]
Шасси БТР-22;apc_rus_btr22_equipment;"Отдельная привязка техники не найдена; возможна общая модель батальона";;;common/units/equipment/ES_apc_chassis_sov.txt;[]
ЛТ на базе БТР-22;light_tank_apc_rus_btr22_equipment;"Отдельная привязка техники не найдена; возможна общая модель батальона";;;common/units/equipment/ES_apc_chassis_sov.txt;[]
ЗРК на базе БТР-22;sp_aa_apc_rus_btr22_equipment;"Отдельная привязка техники не найдена; возможна общая модель батальона";;;common/units/equipment/ES_apc_chassis_sov.txt;[]
Мобильная установка с ПТУР на базе БТР-22;sp_atgm_apc_rus_btr22_equipment;"Отдельная привязка техники не найдена; возможна общая модель батальона";;;common/units/equipment/ES_apc_chassis_sov.txt;[]
ИМР на базе БТР-22;arv_apc_rus_btr22_equipment;"Отдельная привязка техники не найдена; возможна общая модель батальона";;;common/units/equipment/ES_apc_chassis_sov.txt;[]
САУ на базе БТР-22;sp_artillery_apc_rus_btr22_equipment;"Отдельная привязка техники не найдена; возможна общая модель батальона";;;common/units/equipment/ES_apc_chassis_sov.txt;[]
Шасси БТР-16;apc_sov_btr16_equipment;"Отдельная привязка техники не найдена; возможна общая модель батальона";;;common/units/equipment/ES_apc_chassis_sov.txt;[]
ЛТ на базе БТР-16;light_tank_apc_sov_btr16_equipment;"Отдельная привязка техники не найдена; возможна общая модель батальона";;;common/units/equipment/ES_apc_chassis_sov.txt;[]
ЗРК на базе БТР-16;sp_aa_apc_sov_btr16_equipment;"Отдельная привязка техники не найдена; возможна общая модель батальона";;;common/units/equipment/ES_apc_chassis_sov.txt;[]
Мобльная установка с ПТУР на базе БТР-16;sp_atgm_apc_sov_btr16_equipment;"Отдельная привязка техники не найдена; возможна общая модель батальона";;;common/units/equipment/ES_apc_chassis_sov.txt;[]
ИМР на базе БТР-16;arv_apc_sov_btr16_equipment;"Отдельная привязка техники не найдена; возможна общая модель батальона";;;common/units/equipment/ES_apc_chassis_sov.txt;[]
САУ на базе БТР-16;sp_artillery_apc_sov_btr16_equipment;"Отдельная привязка техники не найдена; возможна общая модель батальона";;;common/units/equipment/ES_apc_chassis_sov.txt;[]
Шасси Volat V-2;apc_blr_volat2_equipment;"Отдельная привязка техники не найдена; возможна общая модель батальона";;;common/units/equipment/ES_apc_chassis_sov_volat2.txt;[]
ЛТ на базе Volat V-2;light_tank_apc_blr_volat2_equipment;"Отдельная привязка техники не найдена; возможна общая модель батальона";;;common/units/equipment/ES_apc_chassis_sov_volat2.txt;[]
ЗРК на базе Volat V-2;sp_aa_apc_blr_volat2_equipment;"Отдельная привязка техники не найдена; возможна общая модель батальона";;;common/units/equipment/ES_apc_chassis_sov_volat2.txt;[]
Мобильная установка с ПТУР на базе Volat V-2;sp_atgm_apc_blr_volat2_equipment;"Отдельная привязка техники не найдена; возможна общая модель батальона";;;common/units/equipment/ES_apc_chassis_sov_volat2.txt;[]
БРЭМ на базе Volat V-2;arv_apc_blr_volat2_equipment;"Отдельная привязка техники не найдена; возможна общая модель батальона";;;common/units/equipment/ES_apc_chassis_sov_volat2.txt;[]
САУ на базе Volat V-2;sp_artillery_apc_blr_volat2_equipment;"Отдельная привязка техники не найдена; возможна общая модель батальона";;;common/units/equipment/ES_apc_chassis_sov_volat2.txt;[]
РСЗО на базе Volat V-2;sp_mlrs_apc_blr_volat2_equipment;"Отдельная привязка техники не найдена; возможна общая модель батальона";;;common/units/equipment/ES_apc_chassis_sov_volat2.txt;[]
ТОС на базе Volat V-2;sp_tos_apc_blr_volat2_equipment;"Отдельная привязка техники не найдена; возможна общая модель батальона";;;common/units/equipment/ES_apc_chassis_sov_volat2.txt;[]
Шасси Pbv 302;apc_swe_pbv302_equipment;"Отдельная привязка техники не найдена; возможна общая модель батальона";;;common/units/equipment/ES_apc_chassis_swe_pbv302.txt;[]
ЛТ на базе Pbv 302;light_tank_apc_swe_pbv302_equipment;"Отдельная привязка техники не найдена; возможна общая модель батальона";;;common/units/equipment/ES_apc_chassis_swe_pbv302.txt;[]
ЗРК на базе Pbv 302;sp_aa_apc_swe_pbv302_equipment;"Отдельная привязка техники не найдена; возможна общая модель батальона";;;common/units/equipment/ES_apc_chassis_swe_pbv302.txt;[]
Мобильный ПТРК на базе Pbv 302;sp_atgm_apc_swe_pbv302_equipment;"Отдельная привязка техники не найдена; возможна общая модель батальона";;;common/units/equipment/ES_apc_chassis_swe_pbv302.txt;[]
ИМР на базе Pbv 302;arv_apc_swe_pbv302_equipment;"Отдельная привязка техники не найдена; возможна общая модель батальона";;;common/units/equipment/ES_apc_chassis_swe_pbv302.txt;[]
САУ на базе Pbv 302;sp_artillery_apc_swe_pbv302_equipment;"Отдельная привязка техники не найдена; возможна общая модель батальона";;;common/units/equipment/ES_apc_chassis_swe_pbv302.txt;[]
Шасси Отаман;apc_ukr_otaman_equipment;"Отдельная привязка техники не найдена; возможна общая модель батальона";;;common/units/equipment/ES_apc_chassis_ukr_otaman.txt;[]
ЛТ на базе Отаман;light_tank_apc_ukr_otaman_equipment;"Отдельная привязка техники не найдена; возможна общая модель батальона";;;common/units/equipment/ES_apc_chassis_ukr_otaman.txt;[]
ЗРК на базе Отаман;sp_aa_apc_ukr_otaman_equipment;"Отдельная привязка техники не найдена; возможна общая модель батальона";;;common/units/equipment/ES_apc_chassis_ukr_otaman.txt;[]
обильная установка с ПТУР на базе Отаман;sp_atgm_apc_ukr_otaman_equipment;"Отдельная привязка техники не найдена; возможна общая модель батальона";;;common/units/equipment/ES_apc_chassis_ukr_otaman.txt;[]
ИМР на базе Отаман;arv_apc_ukr_otaman_equipment;"Отдельная привязка техники не найдена; возможна общая модель батальона";;;common/units/equipment/ES_apc_chassis_ukr_otaman.txt;[]
САУ на базе Отаман;sp_artillery_apc_ukr_otaman_equipment;"Отдельная привязка техники не найдена; возможна общая модель батальона";;;common/units/equipment/ES_apc_chassis_ukr_otaman.txt;[]
Шасси AAV7;apc_usa_aav7_equipment;"Отдельная привязка техники не найдена; возможна общая модель батальона";;;common/units/equipment/ES_apc_chassis_usa_AAV.txt;[]
ЛТ на базе AAV7;light_tank_apc_usa_aav7_equipment;"Отдельная привязка техники не найдена; возможна общая модель батальона";;;common/units/equipment/ES_apc_chassis_usa_AAV.txt;[]
ЗРК на базе AAV7;sp_aa_apc_usa_aav7_equipment;"Отдельная привязка техники не найдена; возможна общая модель батальона";;;common/units/equipment/ES_apc_chassis_usa_AAV.txt;[]
Мобильный ПТРК на базе AAV7;sp_atgm_apc_usa_aav7_equipment;"Отдельная привязка техники не найдена; возможна общая модель батальона";;;common/units/equipment/ES_apc_chassis_usa_AAV.txt;[]
ИМР на базе AAV7;arv_apc_usa_aav7_equipment;"Отдельная привязка техники не найдена; возможна общая модель батальона";;;common/units/equipment/ES_apc_chassis_usa_AAV.txt;[]
САУ на базе AAV7;sp_artillery_apc_usa_aav7_equipment;"Отдельная привязка техники не найдена; возможна общая модель батальона";;;common/units/equipment/ES_apc_chassis_usa_AAV.txt;[]
Шасcи ACV;apc_usa_ACV_equipment;"Отдельная привязка техники не найдена; возможна общая модель батальона";;;common/units/equipment/ES_apc_chassis_usa_ACV.txt;[]
light_tank_apc_usa_ACV_equipment;light_tank_apc_usa_ACV_equipment;"Отдельная привязка техники не найдена; возможна общая модель батальона";;;common/units/equipment/ES_apc_chassis_usa_ACV.txt;[]
sp_aa_apc_usa_ACV_equipment;sp_aa_apc_usa_ACV_equipment;"Отдельная привязка техники не найдена; возможна общая модель батальона";;;common/units/equipment/ES_apc_chassis_usa_ACV.txt;[]
sp_atgm_apc_usa_ACV_equipment;sp_atgm_apc_usa_ACV_equipment;"Отдельная привязка техники не найдена; возможна общая модель батальона";;;common/units/equipment/ES_apc_chassis_usa_ACV.txt;[]
arv_apc_usa_ACV_equipment;arv_apc_usa_ACV_equipment;"Отдельная привязка техники не найдена; возможна общая модель батальона";;;common/units/equipment/ES_apc_chassis_usa_ACV.txt;[]
sp_artillery_apc_usa_ACV_equipment;sp_artillery_apc_usa_ACV_equipment;"Отдельная привязка техники не найдена; возможна общая модель батальона";;;common/units/equipment/ES_apc_chassis_usa_ACV.txt;[]
Шасси LAV25;apc_usa_lav25_equipment;"Отдельная привязка техники не найдена; возможна общая модель батальона";;;common/units/equipment/ES_apc_chassis_usa_lav25.txt;[]
ЛТ на базе LAV25;light_tank_apc_usa_lav25_equipment;"Отдельная привязка техники не найдена; возможна общая модель батальона";;;common/units/equipment/ES_apc_chassis_usa_lav25.txt;[]
ЗРК на базе LAV25;sp_aa_apc_usa_lav25_equipment;"Отдельная привязка техники не найдена; возможна общая модель батальона";;;common/units/equipment/ES_apc_chassis_usa_lav25.txt;[]
Мобильный ПТРК на базе LAV25;sp_atgm_apc_usa_lav25_equipment;"Отдельная привязка техники не найдена; возможна общая модель батальона";;;common/units/equipment/ES_apc_chassis_usa_lav25.txt;[]
ИМР на базе LAV25;arv_apc_usa_lav25_equipment;"Отдельная привязка техники не найдена; возможна общая модель батальона";;;common/units/equipment/ES_apc_chassis_usa_lav25.txt;[]
САУ на базе LAV25;sp_artillery_apc_usa_lav25_equipment;"Отдельная привязка техники не найдена; возможна общая модель батальона";;;common/units/equipment/ES_apc_chassis_usa_lav25.txt;[]
Шасси M113;apc_usa_m113_equipment;"Отдельная привязка техники не найдена; возможна общая модель батальона";;;common/units/equipment/ES_apc_chassis_usa_m113.txt;[]
ЛТ на базе M113;light_tank_apc_usa_m113_equipment;"Отдельная привязка техники не найдена; возможна общая модель батальона";;;common/units/equipment/ES_apc_chassis_usa_m113.txt;[]
ЗРК на базе M113;sp_aa_apc_usa_m113_equipment;"Отдельная привязка техники не найдена; возможна общая модель батальона";;;common/units/equipment/ES_apc_chassis_usa_m113.txt;[]
Мобильный ПТРК на базе M113;sp_atgm_apc_usa_m113_equipment;"Отдельная привязка техники не найдена; возможна общая модель батальона";;;common/units/equipment/ES_apc_chassis_usa_m113.txt;[]
ИМР на базе M113;arv_apc_usa_m113_equipment;"Отдельная привязка техники не найдена; возможна общая модель батальона";;;common/units/equipment/ES_apc_chassis_usa_m113.txt;[]
САУ на базе M113;sp_artillery_apc_usa_m113_equipment;"Отдельная привязка техники не найдена; возможна общая модель батальона";;;common/units/equipment/ES_apc_chassis_usa_m113.txt;[]
Шасси Stryker;apc_usa_stryker_equipment;"Отдельная привязка техники не найдена; возможна общая модель батальона";;;common/units/equipment/ES_apc_chassis_usa_stryker.txt;[]
ЛТ на базе Stryker;light_tank_apc_usa_stryker_equipment;"Отдельная привязка техники не найдена; возможна общая модель батальона";;;common/units/equipment/ES_apc_chassis_usa_stryker.txt;[]
ЗРК на базе Stryker;sp_aa_apc_usa_stryker_equipment;"Отдельная привязка техники не найдена; возможна общая модель батальона";;;common/units/equipment/ES_apc_chassis_usa_stryker.txt;[]
Мобильный ПТРК на базе Stryker;sp_atgm_apc_usa_stryker_equipment;"Отдельная привязка техники не найдена; возможна общая модель батальона";;;common/units/equipment/ES_apc_chassis_usa_stryker.txt;[]
ИМР на базе Stryker;arv_apc_usa_stryker_equipment;"Отдельная привязка техники не найдена; возможна общая модель батальона";;;common/units/equipment/ES_apc_chassis_usa_stryker.txt;[]
САУ на базе Stryker;sp_artillery_apc_usa_stryker_equipment;"Отдельная привязка техники не найдена; возможна общая модель батальона";;;common/units/equipment/ES_apc_chassis_usa_stryker.txt;[]
M114;usa_artillery_m114_equipment;Модель из мода;sp_art;usa_artillery_m114_equipment;common/units/equipment/ES_artillery_equipments_nto.txt;"[[""sp_art_entity"", ""mod"", ""gfx/models/units/tanks/2s3.mesh""]]"
M102;usa_artillery_m102_equipment;Модель из мода;sp_art;usa_artillery_m114_equipment;common/units/equipment/ES_artillery_equipments_nto.txt;"[[""sp_art_entity"", ""mod"", ""gfx/models/units/tanks/2s3.mesh""]]"
M198;usa_artillery_m198_equipment;Модель из мода;sp_art;usa_artillery_m114_equipment;common/units/equipment/ES_artillery_equipments_nto.txt;"[[""sp_art_entity"", ""mod"", ""gfx/models/units/tanks/2s3.mesh""]]"
M119;usa_artillery_m119_equipment;Модель из мода;sp_art;usa_artillery_m114_equipment;common/units/equipment/ES_artillery_equipments_nto.txt;"[[""sp_art_entity"", ""mod"", ""gfx/models/units/tanks/2s3.mesh""]]"
M777;usa_artillery_m777_equipment;Модель из мода;sp_art;usa_artillery_m114_equipment;common/units/equipment/ES_artillery_equipments_nto.txt;"[[""sp_art_entity"", ""mod"", ""gfx/models/units/tanks/2s3.mesh""]]"
BL 5.5-inch Medium Gun;eng_artillery_bl5inch_equipment;"Отдельная привязка техники не найдена; возможна общая модель батальона";;;common/units/equipment/ES_artillery_equipments_nto.txt;[]
L118;eng_artillery_l118_equipment;"Отдельная привязка техники не найдена; возможна общая модель батальона";;;common/units/equipment/ES_artillery_equipments_nto.txt;[]
105 mm leFH 18/40;ger_artillery_leFH_equipment;"Отдельная привязка техники не найдена; возможна общая модель батальона";;;common/units/equipment/ES_artillery_equipments_nto.txt;[]
FH70;ger_artillery_FH70_equipment;"Отдельная привязка техники не найдена; возможна общая модель батальона";;;common/units/equipment/ES_artillery_equipments_nto.txt;[]
105 mm Modèle 50;fra_artillery_modele50_equipment;"Отдельная привязка техники не найдена; возможна общая модель батальона";;;common/units/equipment/ES_artillery_equipments_nto.txt;[]
TRF1;fra_artillery_TRF1_equipment;"Отдельная привязка техники не найдена; возможна общая модель батальона";;;common/units/equipment/ES_artillery_equipments_nto.txt;[]
LG1;fra_artillery_TRF2_equipment;"Отдельная привязка техники не найдена; возможна общая модель батальона";;;common/units/equipment/ES_artillery_equipments_nto.txt;[]
Д-1;sov_artillery_d1_equipment;"Отдельная привязка техники не найдена; возможна общая модель батальона";;;common/units/equipment/ES_artillery_equipments_sov.txt;[]
Д-74;sov_artillery_d74_equipment;"Отдельная привязка техники не найдена; возможна общая модель батальона";;;common/units/equipment/ES_artillery_equipments_sov.txt;[]
Д-20;sov_artillery_d20_equipment;"Отдельная привязка техники не найдена; возможна общая модель батальона";;;common/units/equipment/ES_artillery_equipments_sov.txt;[]
М-46;sov_artillery_m46_equipment;"Отдельная привязка техники не найдена; возможна общая модель батальона";;;common/units/equipment/ES_artillery_equipments_sov.txt;[]
Д-30;sov_artillery_d30_equipment;"Отдельная привязка техники не найдена; возможна общая модель батальона";;;common/units/equipment/ES_artillery_equipments_sov.txt;[]
2а36 Гиацинт;sov_artillery_2a36_equipment;"Отдельная привязка техники не найдена; возможна общая модель батальона";;;common/units/equipment/ES_artillery_equipments_sov.txt;[]
2а65 Мста-Б;sov_artillery_2a65_equipment;"Отдельная привязка техники не найдена; возможна общая модель батальона";;;common/units/equipment/ES_artillery_equipments_sov.txt;[]
2a88;rus_artillery_2a88_equipment;Модель из мода;sp_art;rus_artillery_2a88_equipment;common/units/equipment/ES_artillery_equipments_sov.txt;"[[""sp_art_entity"", ""mod"", ""gfx/models/units/tanks/2s3.mesh""]]"
2П22 «Богдана»;ukr_artillery_2p22_bohdana_equipment;Модель из мода;sp_art;ukr_artillery_2p22_bohdana_equipment;common/units/equipment/ES_artillery_equipments_ukr.txt;"[[""sp_art_entity"", ""mod"", ""gfx/models/units/tanks/2s3.mesh""]]"
"ПТРК \""Шершень\""";atgm_shershen_equipment;Модель из мода;2s7pion;atgm_9k11_malutka_equipment;common/units/equipment/ES_atgm_equipments_blr.txt;"[[""2s7pion_entity"", ""mod"", ""gfx/models/units/tanks/2s7pion_n_n.mesh""]]"
M47 Dragon;usa_m47_dragon_equipment;"Отдельная привязка техники не найдена; возможна общая модель батальона";;;common/units/equipment/ES_atgm_equipments_nto.txt;[]
BGM-71 TOW;usa_bgm71_tow_equipment;"Отдельная привязка техники не найдена; возможна общая модель батальона";;;common/units/equipment/ES_atgm_equipments_nto.txt;[]
BGM-71 TOW ІІ;usa_bgm71_tow_ii_equipment;"Отдельная привязка техники не найдена; возможна общая модель батальона";;;common/units/equipment/ES_atgm_equipments_nto.txt;[]
BGM-71F TOW-2В;usa_bgm71f_tow_2b_equipment;"Отдельная привязка техники не найдена; возможна общая модель батальона";;;common/units/equipment/ES_atgm_equipments_nto.txt;[]
FGM-148 Javelin;usa_fgm148_javelin_atgm_equipment;"Отдельная привязка техники не найдена; возможна общая модель батальона";;;common/units/equipment/ES_atgm_equipments_nto.txt;[]
Javelin F-Model;usa_javelin_f_model_equipment;"Отдельная привязка техники не найдена; возможна общая модель батальона";;;common/units/equipment/ES_atgm_equipments_nto.txt;[]
eng_vickers_vigilant_equipment;eng_vickers_vigilant_equipment;"Отдельная привязка техники не найдена; возможна общая модель батальона";;;common/units/equipment/ES_atgm_equipments_nto.txt;[]
Swingfire;eng_swingfire_equipment;"Отдельная привязка техники не найдена; возможна общая модель батальона";;;common/units/equipment/ES_atgm_equipments_nto.txt;[]
NLAW ATGM;eng_nlaw_atgm_equipment;"Отдельная привязка техники не найдена; возможна общая модель батальона";;;common/units/equipment/ES_atgm_equipments_nto.txt;[]
ENTAC;fra_entac_equipment;"Отдельная привязка техники не найдена; возможна общая модель батальона";;;common/units/equipment/ES_atgm_equipments_nto.txt;[]
Milan;ger_fra_milan_equipment;"Отдельная привязка техники не найдена; возможна общая модель батальона";;;common/units/equipment/ES_atgm_equipments_nto.txt;[]
HOT;ger_fra_hot_equipment;"Отдельная привязка техники не найдена; возможна общая модель батальона";;;common/units/equipment/ES_atgm_equipments_nto.txt;[]
Milan 2;ger_fra_milan2_equipment;"Отдельная привязка техники не найдена; возможна общая модель батальона";;;common/units/equipment/ES_atgm_equipments_nto.txt;[]
Milan 3;ger_fra_milan3_equipment;"Отдельная привязка техники не найдена; возможна общая модель батальона";;;common/units/equipment/ES_atgm_equipments_nto.txt;[]
ERYX;ger_fra_eryx_equipment;"Отдельная привязка техники не найдена; возможна общая модель батальона";;;common/units/equipment/ES_atgm_equipments_nto.txt;[]
AKERON MP;ger_fra_akeron_mp_equipment;"Отдельная привязка техники не найдена; возможна общая модель батальона";;;common/units/equipment/ES_atgm_equipments_nto.txt;[]
MMP;ger_fra_mmp_equipment;"Отдельная привязка техники не найдена; возможна общая модель батальона";;;common/units/equipment/ES_atgm_equipments_nto.txt;[]
ПТРК Spike;pol_atgm_spike_equipment;Модель из мода;sp_art;pol_atgm_spike_equipment;common/units/equipment/ES_atgm_equipments_nto.txt;"[[""sp_art_entity"", ""mod"", ""gfx/models/units/tanks/2s3.mesh""]]"
ПТРК Jack s;pol_atgm_jacks_equipment;Модель из мода;sp_art;pol_atgm_spike_equipment;common/units/equipment/ES_atgm_equipments_nto.txt;"[[""sp_art_entity"", ""mod"", ""gfx/models/units/tanks/2s3.mesh""]]"
"ПТРК \""Малютка\""";atgm_9k11_malutka_equipment;Модель из мода;2s7pion;atgm_9k11_malutka_equipment;common/units/equipment/ES_atgm_equipments_sov.txt;"[[""2s7pion_entity"", ""mod"", ""gfx/models/units/tanks/2s7pion_n_n.mesh""]]"
"ПТРК \""Фагот\""";atgm_9k111_fagot_equipment;Модель из мода;2s7pion;atgm_9k11_malutka_equipment;common/units/equipment/ES_atgm_equipments_sov.txt;"[[""2s7pion_entity"", ""mod"", ""gfx/models/units/tanks/2s7pion_n_n.mesh""]]"
"9К111-1\""Конкурс\""";atgm_9k111_1_konkurs_equipment;Модель из мода;2s7pion;atgm_9k11_malutka_equipment;common/units/equipment/ES_atgm_equipments_sov.txt;"[[""2s7pion_entity"", ""mod"", ""gfx/models/units/tanks/2s7pion_n_n.mesh""]]"
"9К115 \""Метис\""";atgm_9k115_metis_equipment;Модель из мода;2s7pion;atgm_9k11_malutka_equipment;common/units/equipment/ES_atgm_equipments_sov.txt;"[[""2s7pion_entity"", ""mod"", ""gfx/models/units/tanks/2s7pion_n_n.mesh""]]"
"9К135 \""Корнет\""";atgm_9k135_kornet_equipment;Модель из мода;sp_art;atgm_9k135_kornet_equipment;common/units/equipment/ES_atgm_equipments_sov.txt;"[[""sp_art_entity"", ""mod"", ""gfx/models/units/tanks/2s3.mesh""]]"
ПТРК «Скиф»;infantry_atgm_skif_equipment;Модель из мода;2s7pion;atgm_9k11_malutka_equipment;common/units/equipment/ES_atgm_equipments_ukr.txt;"[[""2s7pion_entity"", ""mod"", ""gfx/models/units/tanks/2s7pion_n_n.mesh""]]"
ПТРК «Стугна»;infantry_atgm_stugna_equipment;Модель из мода;2s7pion;atgm_9k11_malutka_equipment;common/units/equipment/ES_atgm_equipments_ukr.txt;"[[""2s7pion_entity"", ""mod"", ""gfx/models/units/tanks/2s7pion_n_n.mesh""]]"
ПТРК «Барьер»;infantry_atgm_barier_equipment;Модель из мода;2s7pion;atgm_9k11_malutka_equipment;common/units/equipment/ES_atgm_equipments_ukr.txt;"[[""2s7pion_entity"", ""mod"", ""gfx/models/units/tanks/2s7pion_n_n.mesh""]]"
ПТРК «Альта»;infantry_atgm_alta_equipment;Модель из мода;2s7pion;atgm_9k11_malutka_equipment;common/units/equipment/ES_atgm_equipments_ukr.txt;"[[""2s7pion_entity"", ""mod"", ""gfx/models/units/tanks/2s7pion_n_n.mesh""]]"
ПТРК «Корсар»;infantry_atgm_korsar_equipment;Модель из мода;2s7pion;atgm_9k11_malutka_equipment;common/units/equipment/ES_atgm_equipments_ukr.txt;"[[""2s7pion_entity"", ""mod"", ""gfx/models/units/tanks/2s7pion_n_n.mesh""]]"
Шасси БРДМ-1;sov_brdm1_equipment;"Отдельная привязка техники не найдена; возможна общая модель батальона";;;common/units/equipment/ES_brdm_chassis_sov_brdm1.txt;[]
ЛТ на базе БРДМ-1;light_tank_sov_brdm1_equipment;"Отдельная привязка техники не найдена; возможна общая модель батальона";;;common/units/equipment/ES_brdm_chassis_sov_brdm1.txt;[]
ЗРК на базе БРДМ-1;sp_aa_sov_brdm1_equipment;"Отдельная привязка техники не найдена; возможна общая модель батальона";;;common/units/equipment/ES_brdm_chassis_sov_brdm1.txt;[]
Мобильная установка с ПТУР на базе БРДМ-1;sp_atgm_sov_brdm1_equipment;"Отдельная привязка техники не найдена; возможна общая модель батальона";;;common/units/equipment/ES_brdm_chassis_sov_brdm1.txt;[]
ИМР на базе БРДМ-1;arv_sov_brdm1_equipment;"Отдельная привязка техники не найдена; возможна общая модель батальона";;;common/units/equipment/ES_brdm_chassis_sov_brdm1.txt;[]
Шасси БРДМ-2;sov_brdm2_equipment;"Отдельная привязка техники не найдена; возможна общая модель батальона";;;common/units/equipment/ES_brdm_chassis_sov_brdm2.txt;[]
ЛТ на базе БРДМ-2;light_tank_sov_brdm2_equipment;"Отдельная привязка техники не найдена; возможна общая модель батальона";;;common/units/equipment/ES_brdm_chassis_sov_brdm2.txt;[]
ЗРК на базе БРДМ-2;sp_aa_sov_brdm2_equipment;"Отдельная привязка техники не найдена; возможна общая модель батальона";;;common/units/equipment/ES_brdm_chassis_sov_brdm2.txt;[]
Мобильная установка с ПТУР на базе БРДМ-2;sp_atgm_sov_brdm2_equipment;"Отдельная привязка техники не найдена; возможна общая модель батальона";;;common/units/equipment/ES_brdm_chassis_sov_brdm2.txt;[]
ИМР на базе БРДМ-2;arv_sov_brdm2_equipment;"Отдельная привязка техники не найдена; возможна общая модель батальона";;;common/units/equipment/ES_brdm_chassis_sov_brdm2.txt;[]
Шасси Warrior;ifv_eng_warrior_equipment;"Отдельная привязка техники не найдена; возможна общая модель батальона";;;common/units/equipment/ES_ifv_chassis_eng_warrior.txt;[]
ЛТ на базе Warrior;light_tank_ifv_eng_warrior_equipment;"Отдельная привязка техники не найдена; возможна общая модель батальона";;;common/units/equipment/ES_ifv_chassis_eng_warrior.txt;[]
ЗРК на базе Warrior;sp_aa_ifv_eng_warrior_equipment;"Отдельная привязка техники не найдена; возможна общая модель батальона";;;common/units/equipment/ES_ifv_chassis_eng_warrior.txt;[]
Мобильный ПТРК на базе Warrior;sp_atgm_ifv_eng_warrior_equipment;"Отдельная привязка техники не найдена; возможна общая модель батальона";;;common/units/equipment/ES_ifv_chassis_eng_warrior.txt;[]
ИМР на базе Warrior;arv_ifv_eng_warrior_equipment;"Отдельная привязка техники не найдена; возможна общая модель батальона";;;common/units/equipment/ES_ifv_chassis_eng_warrior.txt;[]
САУ на базе Warrior;sp_artillery_ifv_eng_warrior_equipment;"Отдельная привязка техники не найдена; возможна общая модель батальона";;;common/units/equipment/ES_ifv_chassis_eng_warrior.txt;[]
РСЗО на базе Warrior;sp_mlrs_ifv_eng_warrior_equipment;"Отдельная привязка техники не найдена; возможна общая модель батальона";;;common/units/equipment/ES_ifv_chassis_eng_warrior.txt;[]
Шасси AMX-10P;ifv_fra_amx10p_equipment;"Отдельная привязка техники не найдена; возможна общая модель батальона";;;common/units/equipment/ES_ifv_chassis_fra_amx10p.txt;[]
ЛТ на базе AMX-10P;light_tank_ifv_fra_amx10p_equipment;"Отдельная привязка техники не найдена; возможна общая модель батальона";;;common/units/equipment/ES_ifv_chassis_fra_amx10p.txt;[]
ЗРК на базе AMX-10P;sp_aa_ifv_fra_amx10p_equipment;"Отдельная привязка техники не найдена; возможна общая модель батальона";;;common/units/equipment/ES_ifv_chassis_fra_amx10p.txt;[]
Мобильный ПТРК на базе AMX-10P;sp_atgm_ifv_fra_amx10p_equipment;"Отдельная привязка техники не найдена; возможна общая модель батальона";;;common/units/equipment/ES_ifv_chassis_fra_amx10p.txt;[]
ИМР на базе AMX-10P;arv_ifv_fra_amx10p_equipment;"Отдельная привязка техники не найдена; возможна общая модель батальона";;;common/units/equipment/ES_ifv_chassis_fra_amx10p.txt;[]
САУ на базе AMX-10P;sp_artillery_ifv_fra_amx10p_equipment;"Отдельная привязка техники не найдена; возможна общая модель батальона";;;common/units/equipment/ES_ifv_chassis_fra_amx10p.txt;[]
РСЗО на базе AMX-10P;sp_mlrs_ifv_fra_amx10p_equipment;"Отдельная привязка техники не найдена; возможна общая модель батальона";;;common/units/equipment/ES_ifv_chassis_fra_amx10p.txt;[]
Шасси VBCI;ifv_fra_vbci_equipment;"Отдельная привязка техники не найдена; возможна общая модель батальона";;;common/units/equipment/ES_ifv_chassis_fra_vbci.txt;[]
ЛТ на базе VBCI;light_tank_ifv_fra_vbci_equipment;"Отдельная привязка техники не найдена; возможна общая модель батальона";;;common/units/equipment/ES_ifv_chassis_fra_vbci.txt;[]
ЗРК на базе VBCI;sp_aa_ifv_fra_vbci_equipment;"Отдельная привязка техники не найдена; возможна общая модель батальона";;;common/units/equipment/ES_ifv_chassis_fra_vbci.txt;[]
Мобильный ПТРК на базе VBCI;sp_atgm_ifv_fra_vbci_equipment;"Отдельная привязка техники не найдена; возможна общая модель батальона";;;common/units/equipment/ES_ifv_chassis_fra_vbci.txt;[]
ИМР на базе VBCI;arv_ifv_fra_vbci_equipment;"Отдельная привязка техники не найдена; возможна общая модель батальона";;;common/units/equipment/ES_ifv_chassis_fra_vbci.txt;[]
САУ на базе VBCI;sp_artillery_ifv_fra_vbci_equipment;"Отдельная привязка техники не найдена; возможна общая модель батальона";;;common/units/equipment/ES_ifv_chassis_fra_vbci.txt;[]
РСЗО на базе VBCI;sp_mlrs_ifv_fra_vbci_equipment;"Отдельная привязка техники не найдена; возможна общая модель батальона";;;common/units/equipment/ES_ifv_chassis_fra_vbci.txt;[]
Шасси KF-41 Lynx;ifv_ger_kf41Lynx_equipment;"Отдельная привязка техники не найдена; возможна общая модель батальона";;;common/units/equipment/ES_ifv_chassis_ger_kf41Lynx.txt;[]
light_tank_ifv_ger_kf41Lynx_equipment;light_tank_ifv_ger_kf41Lynx_equipment;"Отдельная привязка техники не найдена; возможна общая модель батальона";;;common/units/equipment/ES_ifv_chassis_ger_kf41Lynx.txt;[]
sp_aa_ifv_ger_kf41Lynx_equipment;sp_aa_ifv_ger_kf41Lynx_equipment;"Отдельная привязка техники не найдена; возможна общая модель батальона";;;common/units/equipment/ES_ifv_chassis_ger_kf41Lynx.txt;[]
sp_atgm_ifv_ger_kf41Lynx_equipment;sp_atgm_ifv_ger_kf41Lynx_equipment;"Отдельная привязка техники не найдена; возможна общая модель батальона";;;common/units/equipment/ES_ifv_chassis_ger_kf41Lynx.txt;[]
arv_ifv_ger_kf41Lynx_equipment;arv_ifv_ger_kf41Lynx_equipment;"Отдельная привязка техники не найдена; возможна общая модель батальона";;;common/units/equipment/ES_ifv_chassis_ger_kf41Lynx.txt;[]
sp_artillery_ifv_ger_kf41Lynx_equipment;sp_artillery_ifv_ger_kf41Lynx_equipment;"Отдельная привязка техники не найдена; возможна общая модель батальона";;;common/units/equipment/ES_ifv_chassis_ger_kf41Lynx.txt;[]
sp_mlrs_ifv_ger_kf41Lynx_equipment;sp_mlrs_ifv_ger_kf41Lynx_equipment;"Отдельная привязка техники не найдена; возможна общая модель батальона";;;common/units/equipment/ES_ifv_chassis_ger_kf41Lynx.txt;[]
Шасси Marder 1;ifv_ger_marder1_equipment;"Отдельная привязка техники не найдена; возможна общая модель батальона";;;common/units/equipment/ES_ifv_chassis_ger_marder1.txt;[]
ЛТ на базе Marder 1;light_tank_ifv_ger_marder1_equipment;"Отдельная привязка техники не найдена; возможна общая модель батальона";;;common/units/equipment/ES_ifv_chassis_ger_marder1.txt;[]
ЗРК на базе Marder 1;sp_aa_ifv_ger_marder1_equipment;"Отдельная привязка техники не найдена; возможна общая модель батальона";;;common/units/equipment/ES_ifv_chassis_ger_marder1.txt;[]
Мобильный ПТРК на базе Marder 1;sp_atgm_ifv_ger_marder1_equipment;"Отдельная привязка техники не найдена; возможна общая модель батальона";;;common/units/equipment/ES_ifv_chassis_ger_marder1.txt;[]
ИМР на базе Marder 1;arv_ifv_ger_marder1_equipment;"Отдельная привязка техники не найдена; возможна общая модель батальона";;;common/units/equipment/ES_ifv_chassis_ger_marder1.txt;[]
САУ на базе Marder 1;sp_artillery_ifv_ger_marder1_equipment;"Отдельная привязка техники не найдена; возможна общая модель батальона";;;common/units/equipment/ES_ifv_chassis_ger_marder1.txt;[]
РСЗО на базе Marder 1;sp_mlrs_ifv_ger_marder1_equipment;"Отдельная привязка техники не найдена; возможна общая модель батальона";;;common/units/equipment/ES_ifv_chassis_ger_marder1.txt;[]
Шасси Puma;ifv_ger_puma_equipment;"Отдельная привязка техники не найдена; возможна общая модель батальона";;;common/units/equipment/ES_ifv_chassis_ger_puma.txt;[]
ЛТ на базе Puma;light_tank_ifv_ger_puma_equipment;"Отдельная привязка техники не найдена; возможна общая модель батальона";;;common/units/equipment/ES_ifv_chassis_ger_puma.txt;[]
ЗРК на базе Puma;sp_aa_ifv_ger_puma_equipment;"Отдельная привязка техники не найдена; возможна общая модель батальона";;;common/units/equipment/ES_ifv_chassis_ger_puma.txt;[]
Мобильный ПТРК на базе Puma;sp_atgm_ifv_ger_puma_equipment;"Отдельная привязка техники не найдена; возможна общая модель батальона";;;common/units/equipment/ES_ifv_chassis_ger_puma.txt;[]
ИМР на базе Puma;arv_ifv_ger_puma_equipment;"Отдельная привязка техники не найдена; возможна общая модель батальона";;;common/units/equipment/ES_ifv_chassis_ger_puma.txt;[]
САУ на базе Puma;sp_artillery_ifv_ger_puma_equipment;"Отдельная привязка техники не найдена; возможна общая модель батальона";;;common/units/equipment/ES_ifv_chassis_ger_puma.txt;[]
РСЗО на базе Puma;sp_mlrs_ifv_ger_puma_equipment;"Отдельная привязка техники не найдена; возможна общая модель батальона";;;common/units/equipment/ES_ifv_chassis_ger_puma.txt;[]
Шасси Dardo;ifv_ita_dardo_equipment;"Отдельная привязка техники не найдена; возможна общая модель батальона";;;common/units/equipment/ES_ifv_chassis_ita_dardo.txt;[]
ЛТ на базе Dardo;light_tank_ifv_ita_dardo_equipment;"Отдельная привязка техники не найдена; возможна общая модель батальона";;;common/units/equipment/ES_ifv_chassis_ita_dardo.txt;[]
ЗРК на базе Dardo;sp_aa_ifv_ita_dardo_equipment;"Отдельная привязка техники не найдена; возможна общая модель батальона";;;common/units/equipment/ES_ifv_chassis_ita_dardo.txt;[]
Мобильный ПТРК на базе Dardo;sp_atgm_ifv_ita_dardo_equipment;"Отдельная привязка техники не найдена; возможна общая модель батальона";;;common/units/equipment/ES_ifv_chassis_ita_dardo.txt;[]
ИМР на базе Dardo;arv_ifv_ita_dardo_equipment;"Отдельная привязка техники не найдена; возможна общая модель батальона";;;common/units/equipment/ES_ifv_chassis_ita_dardo.txt;[]
САУ на базе Dardo;sp_artillery_ifv_ita_dardo_equipment;"Отдельная привязка техники не найдена; возможна общая модель батальона";;;common/units/equipment/ES_ifv_chassis_ita_dardo.txt;[]
РСЗО на базе Dardo;sp_mlrs_ifv_ita_dardo_equipment;"Отдельная привязка техники не найдена; возможна общая модель батальона";;;common/units/equipment/ES_ifv_chassis_ita_dardo.txt;[]
Шасси Borsuk;ifv_pol_borsuk_equipment;Ссылка на отсутствующую entity;RUS_BMP_1_entity;ifv_sov_bmp1_equipment;common/units/equipment/ES_ifv_chassis_pol_borsuk.txt;[]
ЛТ на базе Borsuk;light_tank_ifv_pol_borsuk_equipment;"Отдельная привязка техники не найдена; возможна общая модель батальона";;;common/units/equipment/ES_ifv_chassis_pol_borsuk.txt;[]
ЗРК на базе Borsuk;sp_aa_ifv_pol_borsuk_equipment;"Отдельная привязка техники не найдена; возможна общая модель батальона";;;common/units/equipment/ES_ifv_chassis_pol_borsuk.txt;[]
Мобильная ПТРК на базе Borsuk;sp_atgm_ifv_pol_borsuk_equipment;"Отдельная привязка техники не найдена; возможна общая модель батальона";;;common/units/equipment/ES_ifv_chassis_pol_borsuk.txt;[]
ИМР на базе Borsuk;arv_ifv_pol_borsuk_equipment;"Отдельная привязка техники не найдена; возможна общая модель батальона";;;common/units/equipment/ES_ifv_chassis_pol_borsuk.txt;[]
САУ на базе Borsuk;sp_artillery_ifv_pol_borsuk_equipment;"Отдельная привязка техники не найдена; возможна общая модель батальона";;;common/units/equipment/ES_ifv_chassis_pol_borsuk.txt;[]
РСЗО на базе Borsuk;sp_mlrs_ifv_pol_borsuk_equipment;"Отдельная привязка техники не найдена; возможна общая модель батальона";;;common/units/equipment/ES_ifv_chassis_pol_borsuk.txt;[]
Шасси БМП-1;ifv_sov_bmp1_equipment;Ссылка на отсутствующую entity;RUS_BMP_1_entity;ifv_sov_bmp1_equipment;common/units/equipment/ES_ifv_chassis_sov_bmp1.txt;[]
ЛТ на базе БМП-1;light_tank_ifv_sov_bmp1_equipment;"Отдельная привязка техники не найдена; возможна общая модель батальона";;;common/units/equipment/ES_ifv_chassis_sov_bmp1.txt;[]
ЗРК на базе БМП-1;sp_aa_ifv_sov_bmp1_equipment;"Отдельная привязка техники не найдена; возможна общая модель батальона";;;common/units/equipment/ES_ifv_chassis_sov_bmp1.txt;[]
Мобильная установка с ПТУР на базе БМП-1;sp_atgm_ifv_sov_bmp1_equipment;"Отдельная привязка техники не найдена; возможна общая модель батальона";;;common/units/equipment/ES_ifv_chassis_sov_bmp1.txt;[]
ИМР на базе БМП-1;arv_ifv_sov_bmp1_equipment;"Отдельная привязка техники не найдена; возможна общая модель батальона";;;common/units/equipment/ES_ifv_chassis_sov_bmp1.txt;[]
САУ на базе БМП-1;sp_artillery_ifv_sov_bmp1_equipment;"Отдельная привязка техники не найдена; возможна общая модель батальона";;;common/units/equipment/ES_ifv_chassis_sov_bmp1.txt;[]
РСЗО на базе БМП-1;sp_mlrs_ifv_sov_bmp1_equipment;"Отдельная привязка техники не найдена; возможна общая модель батальона";;;common/units/equipment/ES_ifv_chassis_sov_bmp1.txt;[]
Шасси БМП-2;ifv_sov_bmp2_equipment;Ссылка на отсутствующую entity;RUS_BMP_1_entity;ifv_sov_bmp1_equipment;common/units/equipment/ES_ifv_chassis_sov_bmp2.txt;[]
ЛТ на базе БМП-2;light_tank_ifv_sov_bmp2_equipment;"Отдельная привязка техники не найдена; возможна общая модель батальона";;;common/units/equipment/ES_ifv_chassis_sov_bmp2.txt;[]
ЗРК на базе БМП-2;sp_aa_ifv_sov_bmp2_equipment;"Отдельная привязка техники не найдена; возможна общая модель батальона";;;common/units/equipment/ES_ifv_chassis_sov_bmp2.txt;[]
Мобильная установка с ПТУР на базе БМП-2;sp_atgm_ifv_sov_bmp2_equipment;"Отдельная привязка техники не найдена; возможна общая модель батальона";;;common/units/equipment/ES_ifv_chassis_sov_bmp2.txt;[]
ИМР на базе БМП-2;arv_ifv_sov_bmp2_equipment;"Отдельная привязка техники не найдена; возможна общая модель батальона";;;common/units/equipment/ES_ifv_chassis_sov_bmp2.txt;[]
САУ на базе БМП-2;sp_artillery_ifv_sov_bmp2_equipment;"Отдельная привязка техники не найдена; возможна общая модель батальона";;;common/units/equipment/ES_ifv_chassis_sov_bmp2.txt;[]
РСЗО на базе БМП-2;sp_mlrs_ifv_sov_bmp2_equipment;"Отдельная привязка техники не найдена; возможна общая модель батальона";;;common/units/equipment/ES_ifv_chassis_sov_bmp2.txt;[]
Шасси БМП-3;ifv_sov_bmp3_equipment;Ссылка на отсутствующую entity;RUS_BMP_1_entity;ifv_sov_bmp1_equipment;common/units/equipment/ES_ifv_chassis_sov_bmp3.txt;[]
ЛТ на базе БМП-3;light_tank_ifv_sov_bmp3_equipment;"Отдельная привязка техники не найдена; возможна общая модель батальона";;;common/units/equipment/ES_ifv_chassis_sov_bmp3.txt;[]
ЗРК на базе БМП-3;sp_aa_ifv_sov_bmp3_equipment;"Отдельная привязка техники не найдена; возможна общая модель батальона";;;common/units/equipment/ES_ifv_chassis_sov_bmp3.txt;[]
Мобильная установка с ПТУР на базе БМП-3;sp_atgm_ifv_sov_bmp3_equipment;"Отдельная привязка техники не найдена; возможна общая модель батальона";;;common/units/equipment/ES_ifv_chassis_sov_bmp3.txt;[]
ИМР на базе БМП-3;arv_ifv_sov_bmp3_equipment;"Отдельная привязка техники не найдена; возможна общая модель батальона";;;common/units/equipment/ES_ifv_chassis_sov_bmp3.txt;[]
САУ на базе БМП-3;sp_artillery_ifv_sov_bmp3_equipment;"Отдельная привязка техники не найдена; возможна общая модель батальона";;;common/units/equipment/ES_ifv_chassis_sov_bmp3.txt;[]
РСЗО на базе БМП-3;sp_mlrs_ifv_sov_bmp3_equipment;"Отдельная привязка техники не найдена; возможна общая модель батальона";;;common/units/equipment/ES_ifv_chassis_sov_bmp3.txt;[]
Шасси Курганец-25;ifv_rus_kurganetz25_equipment;Ссылка на отсутствующую entity;RUS_BMP_1_entity;ifv_sov_bmp1_equipment;common/units/equipment/ES_ifv_chassis_sov_kurganetz25.txt;[]
ЛТ на базе Курганец-25;light_tank_ifv_rus_kurganetz25_equipment;"Отдельная привязка техники не найдена; возможна общая модель батальона";;;common/units/equipment/ES_ifv_chassis_sov_kurganetz25.txt;[]
ЗРК на базе Курганец-25;sp_aa_ifv_rus_kurganetz25_equipment;"Отдельная привязка техники не найдена; возможна общая модель батальона";;;common/units/equipment/ES_ifv_chassis_sov_kurganetz25.txt;[]
Мобильная установка с ПТУР на базе Курганец-25;sp_atgm_ifv_rus_kurganetz25_equipment;"Отдельная привязка техники не найдена; возможна общая модель батальона";;;common/units/equipment/ES_ifv_chassis_sov_kurganetz25.txt;[]
ИМР на базе Курганец-25;arv_ifv_rus_kurganetz25_equipment;"Отдельная привязка техники не найдена; возможна общая модель батальона";;;common/units/equipment/ES_ifv_chassis_sov_kurganetz25.txt;[]
САУ на базе Курганец-25;sp_artillery_ifv_rus_kurganetz25_equipment;"Отдельная привязка техники не найдена; возможна общая модель батальона";;;common/units/equipment/ES_ifv_chassis_sov_kurganetz25.txt;[]
РСЗО на базе Курганец-25;sp_mlrs_ifv_rus_kurganetz25_equipment;"Отдельная привязка техники не найдена; возможна общая модель батальона";;;common/units/equipment/ES_ifv_chassis_sov_kurganetz25.txt;[]
Шасси CV90;ifv_swe_cv90_equipment;"Отдельная привязка техники не найдена; возможна общая модель батальона";;;common/units/equipment/ES_ifv_chassis_swe_cv90.txt;[]
ЛТ на базе CV90;light_tank_ifv_swe_cv90_equipment;"Отдельная привязка техники не найдена; возможна общая модель батальона";;;common/units/equipment/ES_ifv_chassis_swe_cv90.txt;[]
ЗРК на базе CV90;sp_aa_ifv_swe_cv90_equipment;"Отдельная привязка техники не найдена; возможна общая модель батальона";;;common/units/equipment/ES_ifv_chassis_swe_cv90.txt;[]
Мобильный ПТРК на базе CV90;sp_atgm_ifv_swe_cv90_equipment;"Отдельная привязка техники не найдена; возможна общая модель батальона";;;common/units/equipment/ES_ifv_chassis_swe_cv90.txt;[]
ИМР на базе CV90;arv_ifv_swe_cv90_equipment;"Отдельная привязка техники не найдена; возможна общая модель батальона";;;common/units/equipment/ES_ifv_chassis_swe_cv90.txt;[]
САУ на базе CV90;sp_artillery_ifv_swe_cv90_equipment;"Отдельная привязка техники не найдена; возможна общая модель батальона";;;common/units/equipment/ES_ifv_chassis_swe_cv90.txt;[]
РСЗО на базе CV90;sp_mlrs_ifv_swe_cv90_equipment;"Отдельная привязка техники не найдена; возможна общая модель батальона";;;common/units/equipment/ES_ifv_chassis_swe_cv90.txt;[]
Шасси БМП-У;ifv_ukr_bmpy_equipment;Ссылка на отсутствующую entity;RUS_BMP_1_entity;ifv_sov_bmp1_equipment;common/units/equipment/ES_ifv_chassis_ukr_bmpy.txt;[]
light_tank_ifv_ukr_bmpy_equipment;light_tank_ifv_ukr_bmpy_equipment;"Отдельная привязка техники не найдена; возможна общая модель батальона";;;common/units/equipment/ES_ifv_chassis_ukr_bmpy.txt;[]
sp_aa_ifv_ukr_bmpy_equipment;sp_aa_ifv_ukr_bmpy_equipment;"Отдельная привязка техники не найдена; возможна общая модель батальона";;;common/units/equipment/ES_ifv_chassis_ukr_bmpy.txt;[]
sp_atgm_ifv_ukr_bmpy_equipment;sp_atgm_ifv_ukr_bmpy_equipment;"Отдельная привязка техники не найдена; возможна общая модель батальона";;;common/units/equipment/ES_ifv_chassis_ukr_bmpy.txt;[]
arv_ifv_ukr_bmpy_equipment;arv_ifv_ukr_bmpy_equipment;"Отдельная привязка техники не найдена; возможна общая модель батальона";;;common/units/equipment/ES_ifv_chassis_ukr_bmpy.txt;[]
sp_artillery_ifv_ukr_bmpy_equipment;sp_artillery_ifv_ukr_bmpy_equipment;"Отдельная привязка техники не найдена; возможна общая модель батальона";;;common/units/equipment/ES_ifv_chassis_ukr_bmpy.txt;[]
sp_mlrs_ifv_ukr_bmpy_equipment;sp_mlrs_ifv_ukr_bmpy_equipment;"Отдельная привязка техники не найдена; возможна общая модель батальона";;;common/units/equipment/ES_ifv_chassis_ukr_bmpy.txt;[]
Шасси Inguar-7;ifv_ukr_inguar7_equipment;Ссылка на отсутствующую entity;RUS_BMP_1_entity;ifv_sov_bmp1_equipment;common/units/equipment/ES_ifv_chassis_ukr_inguar7.txt;[]
light_tank_ifv_ukr_inguar7_equipment;light_tank_ifv_ukr_inguar7_equipment;"Отдельная привязка техники не найдена; возможна общая модель батальона";;;common/units/equipment/ES_ifv_chassis_ukr_inguar7.txt;[]
sp_aa_ifv_ukr_inguar7_equipment;sp_aa_ifv_ukr_inguar7_equipment;"Отдельная привязка техники не найдена; возможна общая модель батальона";;;common/units/equipment/ES_ifv_chassis_ukr_inguar7.txt;[]
sp_atgm_ifv_ukr_inguar7_equipment;sp_atgm_ifv_ukr_inguar7_equipment;"Отдельная привязка техники не найдена; возможна общая модель батальона";;;common/units/equipment/ES_ifv_chassis_ukr_inguar7.txt;[]
arv_ifv_ukr_inguar7_equipment;arv_ifv_ukr_inguar7_equipment;"Отдельная привязка техники не найдена; возможна общая модель батальона";;;common/units/equipment/ES_ifv_chassis_ukr_inguar7.txt;[]
sp_artillery_ifv_ukr_inguar7_equipment;sp_artillery_ifv_ukr_inguar7_equipment;"Отдельная привязка техники не найдена; возможна общая модель батальона";;;common/units/equipment/ES_ifv_chassis_ukr_inguar7.txt;[]
sp_mlrs_ifv_ukr_inguar7_equipment;sp_mlrs_ifv_ukr_inguar7_equipment;"Отдельная привязка техники не найдена; возможна общая модель батальона";;;common/units/equipment/ES_ifv_chassis_ukr_inguar7.txt;[]
Шасси M2 Bradley;ifv_usa_bradley_equipment;"Отдельная привязка техники не найдена; возможна общая модель батальона";;;common/units/equipment/ES_ifv_chassis_usa_bradley.txt;[]
ЛТ на базе M2 Bradley;light_tank_ifv_usa_bradley_equipment;"Отдельная привязка техники не найдена; возможна общая модель батальона";;;common/units/equipment/ES_ifv_chassis_usa_bradley.txt;[]
ЗРК на базе M2 Bradley;sp_aa_ifv_usa_bradley_equipment;"Отдельная привязка техники не найдена; возможна общая модель батальона";;;common/units/equipment/ES_ifv_chassis_usa_bradley.txt;[]
Мобильный ПТРК на базе M2 Bradley;sp_atgm_ifv_usa_bradley_equipment;"Отдельная привязка техники не найдена; возможна общая модель батальона";;;common/units/equipment/ES_ifv_chassis_usa_bradley.txt;[]
ИМР на базе M2 Bradley;arv_ifv_usa_bradley_equipment;"Отдельная привязка техники не найдена; возможна общая модель батальона";;;common/units/equipment/ES_ifv_chassis_usa_bradley.txt;[]
САУ на базе M2 Bradley;sp_artillery_ifv_usa_bradley_equipment;"Отдельная привязка техники не найдена; возможна общая модель батальона";;;common/units/equipment/ES_ifv_chassis_usa_bradley.txt;[]
РСЗО на базе M2 Bradley;sp_mlrs_ifv_usa_bradley_equipment;"Отдельная привязка техники не найдена; возможна общая модель батальона";;;common/units/equipment/ES_ifv_chassis_usa_bradley.txt;[]
Гражданская машина 1;imv_civil_0_equipment;"Отдельная привязка техники не найдена; возможна общая модель батальона";;;common/units/equipment/ES_imv_chassis_civil_0.txt;[]
ЗРК на базе гражданской машины 1;sp_aa_imv_civil_0_equipment;"Отдельная привязка техники не найдена; возможна общая модель батальона";;;common/units/equipment/ES_imv_chassis_civil_0.txt;[]
Мобильная установка с ПТУР на базе гражданской машины 1;sp_atgm_imv_civil_0_equipment;"Отдельная привязка техники не найдена; возможна общая модель батальона";;;common/units/equipment/ES_imv_chassis_civil_0.txt;[]
САУ на базе гражданской машины 1;sp_artillery_imv_civil_0_equipment;"Отдельная привязка техники не найдена; возможна общая модель батальона";;;common/units/equipment/ES_imv_chassis_civil_0.txt;[]
РСЗО на базе гражданской машины 1;sp_mlrs_imv_civil_0_equipment;"Отдельная привязка техники не найдена; возможна общая модель батальона";;;common/units/equipment/ES_imv_chassis_civil_0.txt;[]
ТОС на базе гражданской машины 1;sp_tos_imv_civil_0_equipment;"Отдельная привязка техники не найдена; возможна общая модель батальона";;;common/units/equipment/ES_imv_chassis_civil_0.txt;[]
Гражданская машина 2;imv_civil_1_equipment;"Отдельная привязка техники не найдена; возможна общая модель батальона";;;common/units/equipment/ES_imv_chassis_civil_1.txt;[]
ЗРК на базе гражданской машины 2;sp_aa_imv_civil_1_equipment;"Отдельная привязка техники не найдена; возможна общая модель батальона";;;common/units/equipment/ES_imv_chassis_civil_1.txt;[]
Мобильная установка с ПТУР на базе гражданской машины 2;sp_atgm_imv_civil_1_equipment;"Отдельная привязка техники не найдена; возможна общая модель батальона";;;common/units/equipment/ES_imv_chassis_civil_1.txt;[]
САУ на базе гражданской машины 2;sp_artillery_imv_civil_1_equipment;"Отдельная привязка техники не найдена; возможна общая модель батальона";;;common/units/equipment/ES_imv_chassis_civil_1.txt;[]
РСЗО на базе гражданской машины 2;sp_mlrs_imv_civil_1_equipment;"Отдельная привязка техники не найдена; возможна общая модель батальона";;;common/units/equipment/ES_imv_chassis_civil_1.txt;[]
ТОС на базе гражданской машины 2;sp_tos_imv_civil_1_equipment;"Отдельная привязка техники не найдена; возможна общая модель батальона";;;common/units/equipment/ES_imv_chassis_civil_1.txt;[]
Гражданская машина 3;imv_civil_2_equipment;"Отдельная привязка техники не найдена; возможна общая модель батальона";;;common/units/equipment/ES_imv_chassis_civil_2.txt;[]
ЗРК на базе гражданской машины 3;sp_aa_imv_civil_2_equipment;"Отдельная привязка техники не найдена; возможна общая модель батальона";;;common/units/equipment/ES_imv_chassis_civil_2.txt;[]
Мобильная установка с ПТУР на базе гражданской машины 3;sp_atgm_imv_civil_2_equipment;"Отдельная привязка техники не найдена; возможна общая модель батальона";;;common/units/equipment/ES_imv_chassis_civil_2.txt;[]
САУ на базе гражданской машины 3;sp_artillery_imv_civil_2_equipment;"Отдельная привязка техники не найдена; возможна общая модель батальона";;;common/units/equipment/ES_imv_chassis_civil_2.txt;[]
РСЗО на базе гражданской машины 3;sp_mlrs_imv_civil_2_equipment;"Отдельная привязка техники не найдена; возможна общая модель батальона";;;common/units/equipment/ES_imv_chassis_civil_2.txt;[]
ТОС на базе гражданской машины 3;sp_tos_imv_civil_2_equipment;"Отдельная привязка техники не найдена; возможна общая модель батальона";;;common/units/equipment/ES_imv_chassis_civil_2.txt;[]
Гражданская машина 4;imv_civil_3_equipment;"Отдельная привязка техники не найдена; возможна общая модель батальона";;;common/units/equipment/ES_imv_chassis_civil_3.txt;[]
ЗРК на базе гражданской машины 4;sp_aa_imv_civil_3_equipment;"Отдельная привязка техники не найдена; возможна общая модель батальона";;;common/units/equipment/ES_imv_chassis_civil_3.txt;[]
Мобильная установка с ПТУР на базе гражданской машины 4;sp_atgm_imv_civil_3_equipment;"Отдельная привязка техники не найдена; возможна общая модель батальона";;;common/units/equipment/ES_imv_chassis_civil_3.txt;[]
САУ на базе гражданской машины 4;sp_artillery_imv_civil_3_equipment;"Отдельная привязка техники не найдена; возможна общая модель батальона";;;common/units/equipment/ES_imv_chassis_civil_3.txt;[]
РСЗО на базе гражданской машины 4;sp_mlrs_imv_civil_3_equipment;"Отдельная привязка техники не найдена; возможна общая модель батальона";;;common/units/equipment/ES_imv_chassis_civil_3.txt;[]
ТОС на базе гражданской машины 4;sp_tos_imv_civil_3_equipment;"Отдельная привязка техники не найдена; возможна общая модель батальона";;;common/units/equipment/ES_imv_chassis_civil_3.txt;[]
Гражданская машина 5;imv_civil_4_equipment;"Отдельная привязка техники не найдена; возможна общая модель батальона";;;common/units/equipment/ES_imv_chassis_civil_4.txt;[]
ЗРК на базе гражданской машины 5;sp_aa_imv_civil_4_equipment;"Отдельная привязка техники не найдена; возможна общая модель батальона";;;common/units/equipment/ES_imv_chassis_civil_4.txt;[]
Мобильная установка с ПТУР на базе гражданской машины 5;sp_atgm_imv_civil_4_equipment;"Отдельная привязка техники не найдена; возможна общая модель батальона";;;common/units/equipment/ES_imv_chassis_civil_4.txt;[]
САУ на базе гражданской машины 5;sp_artillery_imv_civil_4_equipment;"Отдельная привязка техники не найдена; возможна общая модель батальона";;;common/units/equipment/ES_imv_chassis_civil_4.txt;[]
РСЗО на базе гражданской машины 5;sp_mlrs_imv_civil_4_equipment;"Отдельная привязка техники не найдена; возможна общая модель батальона";;;common/units/equipment/ES_imv_chassis_civil_4.txt;[]
ТОС на базе гражданской машины 5;sp_tos_imv_civil_4_equipment;"Отдельная привязка техники не найдена; возможна общая модель батальона";;;common/units/equipment/ES_imv_chassis_civil_4.txt;[]
Тяжёлая бронемашина 1;imv_heavy_0_equipment;"Отдельная привязка техники не найдена; возможна общая модель батальона";;;common/units/equipment/ES_imv_chassis_heavy_0.txt;[]
ЗРК на базе тяжелой бронемашины 1;sp_aa_imv_heavy_0_equipment;"Отдельная привязка техники не найдена; возможна общая модель батальона";;;common/units/equipment/ES_imv_chassis_heavy_0.txt;[]
Мобильная установка с ПТУР на базе тяжелой бронемашины 1;sp_atgm_imv_heavy_0_equipment;"Отдельная привязка техники не найдена; возможна общая модель батальона";;;common/units/equipment/ES_imv_chassis_heavy_0.txt;[]
САУ на базе тяжелой бронемашины 1;sp_artillery_imv_heavy_0_equipment;"Отдельная привязка техники не найдена; возможна общая модель батальона";;;common/units/equipment/ES_imv_chassis_heavy_0.txt;[]
РСЗО на базе тяжелой бронемашины 1;sp_mlrs_imv_heavy_0_equipment;"Отдельная привязка техники не найдена; возможна общая модель батальона";;;common/units/equipment/ES_imv_chassis_heavy_0.txt;[]
ТОС на базе тяжелой бронемашины 1;sp_tos_imv_heavy_0_equipment;"Отдельная привязка техники не найдена; возможна общая модель батальона";;;common/units/equipment/ES_imv_chassis_heavy_0.txt;[]
Тяжёлая бронемашина 2;imv_heavy_1_equipment;"Отдельная привязка техники не найдена; возможна общая модель батальона";;;common/units/equipment/ES_imv_chassis_heavy_1.txt;[]
ЗРК на базе тяжелой бронемашины 2;sp_aa_imv_heavy_1_equipment;"Отдельная привязка техники не найдена; возможна общая модель батальона";;;common/units/equipment/ES_imv_chassis_heavy_1.txt;[]
Мобильная установка с ПТУР на базе тяжелой бронемашины 2;sp_atgm_imv_heavy_1_equipment;"Отдельная привязка техники не найдена; возможна общая модель батальона";;;common/units/equipment/ES_imv_chassis_heavy_1.txt;[]
САУ на базе тяжелой бронемашины 2;sp_artillery_imv_heavy_1_equipment;"Отдельная привязка техники не найдена; возможна общая модель батальона";;;common/units/equipment/ES_imv_chassis_heavy_1.txt;[]
РСЗО на базе тяжелой бронемашины 2;sp_mlrs_imv_heavy_1_equipment;"Отдельная привязка техники не найдена; возможна общая модель батальона";;;common/units/equipment/ES_imv_chassis_heavy_1.txt;[]
ТОС на базе тяжелой бронемашины 2;sp_tos_imv_heavy_1_equipment;"Отдельная привязка техники не найдена; возможна общая модель батальона";;;common/units/equipment/ES_imv_chassis_heavy_1.txt;[]
Тяжёлая бронемашина 3;imv_heavy_2_equipment;"Отдельная привязка техники не найдена; возможна общая модель батальона";;;common/units/equipment/ES_imv_chassis_heavy_2.txt;[]
ЗРК на базе тяжелой бронемашины 3;sp_aa_imv_heavy_2_equipment;"Отдельная привязка техники не найдена; возможна общая модель батальона";;;common/units/equipment/ES_imv_chassis_heavy_2.txt;[]
Мобильная установка с ПТУР на базе тяжелой бронемашины 3;sp_atgm_imv_heavy_2_equipment;"Отдельная привязка техники не найдена; возможна общая модель батальона";;;common/units/equipment/ES_imv_chassis_heavy_2.txt;[]
САУ на базе тяжелой бронемашины 3;sp_artillery_imv_heavy_2_equipment;"Отдельная привязка техники не найдена; возможна общая модель батальона";;;common/units/equipment/ES_imv_chassis_heavy_2.txt;[]
РСЗО на базе тяжелой бронемашины 3;sp_mlrs_imv_heavy_2_equipment;"Отдельная привязка техники не найдена; возможна общая модель батальона";;;common/units/equipment/ES_imv_chassis_heavy_2.txt;[]
ТОС на базе тяжелой бронемашины 3;sp_tos_imv_heavy_2_equipment;"Отдельная привязка техники не найдена; возможна общая модель батальона";;;common/units/equipment/ES_imv_chassis_heavy_2.txt;[]
Тяжёлая бронемашина 4;imv_heavy_3_equipment;"Отдельная привязка техники не найдена; возможна общая модель батальона";;;common/units/equipment/ES_imv_chassis_heavy_3.txt;[]
ЗРК на базе тяжелой бронемашины 4;sp_aa_imv_heavy_3_equipment;"Отдельная привязка техники не найдена; возможна общая модель батальона";;;common/units/equipment/ES_imv_chassis_heavy_3.txt;[]
Мобильная установка с ПТУР на базе тяжелой бронемашины 4;sp_atgm_imv_heavy_3_equipment;"Отдельная привязка техники не найдена; возможна общая модель батальона";;;common/units/equipment/ES_imv_chassis_heavy_3.txt;[]
САУ на базе тяжелой бронемашины 4;sp_artillery_imv_heavy_3_equipment;"Отдельная привязка техники не найдена; возможна общая модель батальона";;;common/units/equipment/ES_imv_chassis_heavy_3.txt;[]
РСЗО на базе тяжелой бронемашины 4;sp_mlrs_imv_heavy_3_equipment;"Отдельная привязка техники не найдена; возможна общая модель батальона";;;common/units/equipment/ES_imv_chassis_heavy_3.txt;[]
ТОС на базе тяжелой бронемашины 4;sp_tos_imv_heavy_3_equipment;"Отдельная привязка техники не найдена; возможна общая модель батальона";;;common/units/equipment/ES_imv_chassis_heavy_3.txt;[]
Тяжёлая бронемашина 5;imv_heavy_4_equipment;"Отдельная привязка техники не найдена; возможна общая модель батальона";;;common/units/equipment/ES_imv_chassis_heavy_4.txt;[]
ЗРК на базе тяжелой бронемашины 5;sp_aa_imv_heavy_4_equipment;"Отдельная привязка техники не найдена; возможна общая модель батальона";;;common/units/equipment/ES_imv_chassis_heavy_4.txt;[]
Мобильная установка с ПТУР на базе тяжелой бронемашины 5;sp_atgm_imv_heavy_4_equipment;"Отдельная привязка техники не найдена; возможна общая модель батальона";;;common/units/equipment/ES_imv_chassis_heavy_4.txt;[]
САУ на базе тяжелой бронемашины 5;sp_artillery_imv_heavy_4_equipment;"Отдельная привязка техники не найдена; возможна общая модель батальона";;;common/units/equipment/ES_imv_chassis_heavy_4.txt;[]
РСЗО на базе тяжелой бронемашины 5;sp_mlrs_imv_heavy_4_equipment;"Отдельная привязка техники не найдена; возможна общая модель батальона";;;common/units/equipment/ES_imv_chassis_heavy_4.txt;[]
ТОС на базе тяжелой бронемашины 5;sp_tos_imv_heavy_4_equipment;"Отдельная привязка техники не найдена; возможна общая модель батальона";;;common/units/equipment/ES_imv_chassis_heavy_4.txt;[]
Лёгкая бронемашина 1;imv_light_0_equipment;"Отдельная привязка техники не найдена; возможна общая модель батальона";;;common/units/equipment/ES_imv_chassis_light_0.txt;[]
ЗРК на базе легкой бронемашины 1;sp_aa_imv_light_0_equipment;"Отдельная привязка техники не найдена; возможна общая модель батальона";;;common/units/equipment/ES_imv_chassis_light_0.txt;[]
Мобильная установка с ПТУР на базе легкой бронемашины 1;sp_atgm_imv_light_0_equipment;"Отдельная привязка техники не найдена; возможна общая модель батальона";;;common/units/equipment/ES_imv_chassis_light_0.txt;[]
САУ на базе легкой бронемашины 1;sp_artillery_imv_light_0_equipment;"Отдельная привязка техники не найдена; возможна общая модель батальона";;;common/units/equipment/ES_imv_chassis_light_0.txt;[]
РСЗО на базе легкой бронемашины 1;sp_mlrs_imv_light_0_equipment;"Отдельная привязка техники не найдена; возможна общая модель батальона";;;common/units/equipment/ES_imv_chassis_light_0.txt;[]
ТОС на базе легкой бронемашины 1;sp_tos_imv_light_0_equipment;"Отдельная привязка техники не найдена; возможна общая модель батальона";;;common/units/equipment/ES_imv_chassis_light_0.txt;[]
Лёгкая бронемашина 2;imv_light_1_equipment;"Отдельная привязка техники не найдена; возможна общая модель батальона";;;common/units/equipment/ES_imv_chassis_light_1.txt;[]
ЗРК на базе легкой бронемашины 2;sp_aa_imv_light_1_equipment;"Отдельная привязка техники не найдена; возможна общая модель батальона";;;common/units/equipment/ES_imv_chassis_light_1.txt;[]
Мобильная установка с ПТУР на базе легкой бронемашины 2;sp_atgm_imv_light_1_equipment;"Отдельная привязка техники не найдена; возможна общая модель батальона";;;common/units/equipment/ES_imv_chassis_light_1.txt;[]
САУ на базе легкой бронемашины 2;sp_artillery_imv_light_1_equipment;"Отдельная привязка техники не найдена; возможна общая модель батальона";;;common/units/equipment/ES_imv_chassis_light_1.txt;[]
РСЗО на базе легкой бронемашины 2;sp_mlrs_imv_light_1_equipment;"Отдельная привязка техники не найдена; возможна общая модель батальона";;;common/units/equipment/ES_imv_chassis_light_1.txt;[]
ТОС на базе легкой бронемашины 2;sp_tos_imv_light_1_equipment;"Отдельная привязка техники не найдена; возможна общая модель батальона";;;common/units/equipment/ES_imv_chassis_light_1.txt;[]
Лёгкая бронемашина 3;imv_light_2_equipment;"Отдельная привязка техники не найдена; возможна общая модель батальона";;;common/units/equipment/ES_imv_chassis_light_2.txt;[]
ЗРК на базе легкой бронемашины 3;sp_aa_imv_light_2_equipment;"Отдельная привязка техники не найдена; возможна общая модель батальона";;;common/units/equipment/ES_imv_chassis_light_2.txt;[]
Мобильная установка с ПТУР на базе легкой бронемашины 3;sp_atgm_imv_light_2_equipment;"Отдельная привязка техники не найдена; возможна общая модель батальона";;;common/units/equipment/ES_imv_chassis_light_2.txt;[]
САУ на базе легкой бронемашины 3;sp_artillery_imv_light_2_equipment;"Отдельная привязка техники не найдена; возможна общая модель батальона";;;common/units/equipment/ES_imv_chassis_light_2.txt;[]
РСЗО на базе легкой бронемашины 3;sp_mlrs_imv_light_2_equipment;"Отдельная привязка техники не найдена; возможна общая модель батальона";;;common/units/equipment/ES_imv_chassis_light_2.txt;[]
ТОС на базе легкой бронемашины 3;sp_tos_imv_light_2_equipment;"Отдельная привязка техники не найдена; возможна общая модель батальона";;;common/units/equipment/ES_imv_chassis_light_2.txt;[]
Лёгкая бронемашина 4;imv_light_3_equipment;"Отдельная привязка техники не найдена; возможна общая модель батальона";;;common/units/equipment/ES_imv_chassis_light_3.txt;[]
ЗРК на базе легкой бронемашины 4;sp_aa_imv_light_3_equipment;"Отдельная привязка техники не найдена; возможна общая модель батальона";;;common/units/equipment/ES_imv_chassis_light_3.txt;[]
Мобильная установка с ПТУР на базе легкой бронемашины 4;sp_atgm_imv_light_3_equipment;"Отдельная привязка техники не найдена; возможна общая модель батальона";;;common/units/equipment/ES_imv_chassis_light_3.txt;[]
САУ на базе легкой бронемашины 4;sp_artillery_imv_light_3_equipment;"Отдельная привязка техники не найдена; возможна общая модель батальона";;;common/units/equipment/ES_imv_chassis_light_3.txt;[]
РСЗО на базе легкой бронемашины 4;sp_mlrs_imv_light_3_equipment;"Отдельная привязка техники не найдена; возможна общая модель батальона";;;common/units/equipment/ES_imv_chassis_light_3.txt;[]
ТОС на базе легкой бронемашины 4;sp_tos_imv_light_3_equipment;"Отдельная привязка техники не найдена; возможна общая модель батальона";;;common/units/equipment/ES_imv_chassis_light_3.txt;[]
Лёгкая бронемашина 5;imv_light_4_equipment;"Отдельная привязка техники не найдена; возможна общая модель батальона";;;common/units/equipment/ES_imv_chassis_light_4.txt;[]
ЗРК на базе легкой бронемашины 5;sp_aa_imv_light_4_equipment;"Отдельная привязка техники не найдена; возможна общая модель батальона";;;common/units/equipment/ES_imv_chassis_light_4.txt;[]
Мобильная установка с ПТУР на базе легкой бронемашины 5;sp_atgm_imv_light_4_equipment;"Отдельная привязка техники не найдена; возможна общая модель батальона";;;common/units/equipment/ES_imv_chassis_light_4.txt;[]
САУ на базе легкой бронемашины 5;sp_artillery_imv_light_4_equipment;"Отдельная привязка техники не найдена; возможна общая модель батальона";;;common/units/equipment/ES_imv_chassis_light_4.txt;[]
РСЗО на базе легкой бронемашины 5;sp_mlrs_imv_light_4_equipment;"Отдельная привязка техники не найдена; возможна общая модель батальона";;;common/units/equipment/ES_imv_chassis_light_4.txt;[]
ТОС на базе легкой бронемашины 5;sp_tos_imv_light_4_equipment;"Отдельная привязка техники не найдена; возможна общая модель батальона";;;common/units/equipment/ES_imv_chassis_light_4.txt;[]
Бронемашина 1;imv_medium_0_equipment;"Отдельная привязка техники не найдена; возможна общая модель батальона";;;common/units/equipment/ES_imv_chassis_medium_0.txt;[]
ЗРК на базе бронемашины 1;sp_aa_imv_medium_0_equipment;"Отдельная привязка техники не найдена; возможна общая модель батальона";;;common/units/equipment/ES_imv_chassis_medium_0.txt;[]
Мобильная установка с ПТУР на базе бронемашины 1;sp_atgm_imv_medium_0_equipment;"Отдельная привязка техники не найдена; возможна общая модель батальона";;;common/units/equipment/ES_imv_chassis_medium_0.txt;[]
САУ на базе легкой бронемашины 1;sp_artillery_imv_medium_0_equipment;"Отдельная привязка техники не найдена; возможна общая модель батальона";;;common/units/equipment/ES_imv_chassis_medium_0.txt;[]
РСЗО на базе бронемашины 1;sp_mlrs_imv_medium_0_equipment;"Отдельная привязка техники не найдена; возможна общая модель батальона";;;common/units/equipment/ES_imv_chassis_medium_0.txt;[]
ТОС на базе бронемашины 1;sp_tos_imv_medium_0_equipment;"Отдельная привязка техники не найдена; возможна общая модель батальона";;;common/units/equipment/ES_imv_chassis_medium_0.txt;[]
Бронемашина 2;imv_medium_1_equipment;"Отдельная привязка техники не найдена; возможна общая модель батальона";;;common/units/equipment/ES_imv_chassis_medium_1.txt;[]
ЗРК на базе бронемашины 2;sp_aa_imv_medium_1_equipment;"Отдельная привязка техники не найдена; возможна общая модель батальона";;;common/units/equipment/ES_imv_chassis_medium_1.txt;[]
Мобильная установка с ПТУР на базе бронемашины 2;sp_atgm_imv_medium_1_equipment;"Отдельная привязка техники не найдена; возможна общая модель батальона";;;common/units/equipment/ES_imv_chassis_medium_1.txt;[]
САУ на базе легкой бронемашины 2;sp_artillery_imv_medium_1_equipment;"Отдельная привязка техники не найдена; возможна общая модель батальона";;;common/units/equipment/ES_imv_chassis_medium_1.txt;[]
РСЗО на базе бронемашины 2;sp_mlrs_imv_medium_1_equipment;"Отдельная привязка техники не найдена; возможна общая модель батальона";;;common/units/equipment/ES_imv_chassis_medium_1.txt;[]
ТОС на базе бронемашины 2;sp_tos_imv_medium_1_equipment;"Отдельная привязка техники не найдена; возможна общая модель батальона";;;common/units/equipment/ES_imv_chassis_medium_1.txt;[]
Бронемашина 3;imv_medium_2_equipment;"Отдельная привязка техники не найдена; возможна общая модель батальона";;;common/units/equipment/ES_imv_chassis_medium_2.txt;[]
ЗРК на базе бронемашины 3;sp_aa_imv_medium_2_equipment;"Отдельная привязка техники не найдена; возможна общая модель батальона";;;common/units/equipment/ES_imv_chassis_medium_2.txt;[]
Мобильная установка с ПТУР на базе бронемашины 3;sp_atgm_imv_medium_2_equipment;"Отдельная привязка техники не найдена; возможна общая модель батальона";;;common/units/equipment/ES_imv_chassis_medium_2.txt;[]
САУ на базе легкой бронемашины 3;sp_artillery_imv_medium_2_equipment;"Отдельная привязка техники не найдена; возможна общая модель батальона";;;common/units/equipment/ES_imv_chassis_medium_2.txt;[]
РСЗО на базе бронемашины 3;sp_mlrs_imv_medium_2_equipment;"Отдельная привязка техники не найдена; возможна общая модель батальона";;;common/units/equipment/ES_imv_chassis_medium_2.txt;[]
ТОС на базе бронемашины 3;sp_tos_imv_medium_2_equipment;"Отдельная привязка техники не найдена; возможна общая модель батальона";;;common/units/equipment/ES_imv_chassis_medium_2.txt;[]
Бронемашина 4;imv_medium_3_equipment;"Отдельная привязка техники не найдена; возможна общая модель батальона";;;common/units/equipment/ES_imv_chassis_medium_3.txt;[]
ЗРК на базе бронемашины 4;sp_aa_imv_medium_3_equipment;"Отдельная привязка техники не найдена; возможна общая модель батальона";;;common/units/equipment/ES_imv_chassis_medium_3.txt;[]
Мобильная установка с ПТУР на базе бронемашины 4;sp_atgm_imv_medium_3_equipment;"Отдельная привязка техники не найдена; возможна общая модель батальона";;;common/units/equipment/ES_imv_chassis_medium_3.txt;[]
САУ на базе легкой бронемашины 4;sp_artillery_imv_medium_3_equipment;"Отдельная привязка техники не найдена; возможна общая модель батальона";;;common/units/equipment/ES_imv_chassis_medium_3.txt;[]
РСЗО на базе бронемашины 4;sp_mlrs_imv_medium_3_equipment;"Отдельная привязка техники не найдена; возможна общая модель батальона";;;common/units/equipment/ES_imv_chassis_medium_3.txt;[]
ТОС на базе бронемашины 4;sp_tos_imv_medium_3_equipment;"Отдельная привязка техники не найдена; возможна общая модель батальона";;;common/units/equipment/ES_imv_chassis_medium_3.txt;[]
Бронемашина 5;imv_medium_4_equipment;"Отдельная привязка техники не найдена; возможна общая модель батальона";;;common/units/equipment/ES_imv_chassis_medium_4.txt;[]
ЗРК на базе бронемашины 5;sp_aa_imv_medium_4_equipment;"Отдельная привязка техники не найдена; возможна общая модель батальона";;;common/units/equipment/ES_imv_chassis_medium_4.txt;[]
Мобильная установка с ПТУР на базе бронемашины 5;sp_atgm_imv_medium_4_equipment;"Отдельная привязка техники не найдена; возможна общая модель батальона";;;common/units/equipment/ES_imv_chassis_medium_4.txt;[]
САУ на базе легкой бронемашины 5;sp_artillery_imv_medium_4_equipment;"Отдельная привязка техники не найдена; возможна общая модель батальона";;;common/units/equipment/ES_imv_chassis_medium_4.txt;[]
РСЗО на базе бронемашины 5;sp_mlrs_imv_medium_4_equipment;"Отдельная привязка техники не найдена; возможна общая модель батальона";;;common/units/equipment/ES_imv_chassis_medium_4.txt;[]
ТОС на базе бронемашины 5;sp_tos_imv_medium_4_equipment;"Отдельная привязка техники не найдена; возможна общая модель батальона";;;common/units/equipment/ES_imv_chassis_medium_4.txt;[]
M19;usa_m19_equipment;"Отдельная привязка техники не найдена; возможна общая модель батальона";;;common/units/equipment/ES_mortar_equipments_nto.txt;[]
M29;usa_m29_equipment;"Отдельная привязка техники не найдена; возможна общая модель батальона";;;common/units/equipment/ES_mortar_equipments_nto.txt;[]
M224;usa_m224_equipment;"Отдельная привязка техники не найдена; возможна общая модель батальона";;;common/units/equipment/ES_mortar_equipments_nto.txt;[]
M120;usa_m120_equipment;"Отдельная привязка техники не найдена; возможна общая модель батальона";;;common/units/equipment/ES_mortar_equipments_nto.txt;[]
Ordnance SBML 2-inch mortar;eng_sbml2inch_equipment;"Отдельная привязка техники не найдена; возможна общая модель батальона";;;common/units/equipment/ES_mortar_equipments_nto.txt;[]
L16;eng_l16_equipment;"Отдельная привязка техники не найдена; возможна общая модель батальона";;;common/units/equipment/ES_mortar_equipments_nto.txt;[]
8-cm s.Gr.W.34;ger_grw34_equipment;"Отдельная привязка техники не найдена; возможна общая модель батальона";;;common/units/equipment/ES_mortar_equipments_nto.txt;[]
120 Krh/40;ger_120krh40_equipment;"Отдельная привязка техники не найдена; возможна общая модель батальона";;;common/units/equipment/ES_mortar_equipments_nto.txt;[]
RSG60;ger_rsg60_equipment;"Отдельная привязка техники не найдена; возможна общая модель батальона";;;common/units/equipment/ES_mortar_equipments_nto.txt;[]
Brandt Mle 27/31;fra_brandt2731_equipment;"Отдельная привязка техники не найдена; возможна общая модель батальона";;;common/units/equipment/ES_mortar_equipments_nto.txt;[]
MO-120-RT;fra_mo120rt_equipment;"Отдельная привязка техники не найдена; возможна общая модель батальона";;;common/units/equipment/ES_mortar_equipments_nto.txt;[]
M-98;mortar_M98_equipment;"Отдельная привязка техники не найдена; возможна общая модель батальона";;;common/units/equipment/ES_mortar_equipments_pol.txt;[]
LM-60;mortar_LM60_equipment;"Отдельная привязка техники не найдена; возможна общая модель батальона";;;common/units/equipment/ES_mortar_equipments_pol.txt;[]
LMP-2017;mortar_LMP2017_equipment;"Отдельная привязка техники не найдена; возможна общая модель батальона";;;common/units/equipment/ES_mortar_equipments_pol.txt;[]
Миномёт ВМВ;mortar_sov_ww2_equipment;"Отдельная привязка техники не найдена; возможна общая модель батальона";;;common/units/equipment/ES_mortar_equipments_sov.txt;[]
2Б9 Василёк;mortar_2b9_vasilyok_equipment;"Отдельная привязка техники не найдена; возможна общая модель батальона";;;common/units/equipment/ES_mortar_equipments_sov.txt;[]
2Б11;mortar_2b11_equipment;"Отдельная привязка техники не найдена; возможна общая модель батальона";;;common/units/equipment/ES_mortar_equipments_sov.txt;[]
2Б14 Поднос;mortar_2b14_podnos_equipment;"Отдельная привязка техники не найдена; возможна общая модель батальона";;;common/units/equipment/ES_mortar_equipments_sov.txt;[]
2Б24 Поднос;mortar_2b24_podnos_equipment;"Отдельная привязка техники не найдена; возможна общая модель батальона";;;common/units/equipment/ES_mortar_equipments_sov.txt;[]
"2Б25 \""Галл\""";mortar_2b25_gall_equipment;"Отдельная привязка техники не найдена; возможна общая модель батальона";;;common/units/equipment/ES_mortar_equipments_sov.txt;[]
М120-15 «Молот»;infantry_mortar_m12015molot_equipment;"Отдельная привязка техники не найдена; возможна общая модель батальона";;;common/units/equipment/ES_mortar_equipments_ukr.txt;[]
УПИК-82;infantry_mortar_ypik82_equipment;"Отдельная привязка техники не найдена; возможна общая модель батальона";;;common/units/equipment/ES_mortar_equipments_ukr.txt;[]
МП-120;infantry_mortar_mp120_equipment;"Отдельная привязка техники не найдена; возможна общая модель батальона";;;common/units/equipment/ES_mortar_equipments_ukr.txt;[]
Моторизованное снаряжение;motorized_equipment_1;"Отдельная привязка техники не найдена; возможна общая модель батальона";;;common/units/equipment/ES_motorized.txt;[]
Гусеничная машина 1;mrv_tracked_0_equipment;"Отдельная привязка техники не найдена; возможна общая модель батальона";;;common/units/equipment/ES_mrv_chassis_tracked_0.txt;[]
ЗРК на базе гусенечной машины 1;sp_aa_mrv_tracked_0_equipment;"Отдельная привязка техники не найдена; возможна общая модель батальона";;;common/units/equipment/ES_mrv_chassis_tracked_0.txt;[]
Мобильная установка с ПТУР на базе гусенечной машины 1;sp_atgm_mrv_tracked_0_equipment;"Отдельная привязка техники не найдена; возможна общая модель батальона";;;common/units/equipment/ES_mrv_chassis_tracked_0.txt;[]
САУ на базе гусенечной машины 1;sp_artillery_mrv_tracked_0_equipment;"Отдельная привязка техники не найдена; возможна общая модель батальона";;;common/units/equipment/ES_mrv_chassis_tracked_0.txt;[]
Тяжелая САУ на базе гусенечной машины 1;sp_heavy_artillery_mrv_tracked_0_equipment;"Отдельная привязка техники не найдена; возможна общая модель батальона";;;common/units/equipment/ES_mrv_chassis_tracked_0.txt;[]
РСЗО на базе гусенечной машины 1;sp_mlrs_mrv_tracked_0_equipment;"Отдельная привязка техники не найдена; возможна общая модель батальона";;;common/units/equipment/ES_mrv_chassis_tracked_0.txt;[]
ТОС на базе гусенечной машины 1;sp_tos_mrv_tracked_0_equipment;"Отдельная привязка техники не найдена; возможна общая модель батальона";;;common/units/equipment/ES_mrv_chassis_tracked_0.txt;[]
Гусеничная машина 2;mrv_tracked_1_equipment;"Отдельная привязка техники не найдена; возможна общая модель батальона";;;common/units/equipment/ES_mrv_chassis_tracked_1.txt;[]
ЗРК на базе гусенечной машины 2;sp_aa_mrv_tracked_1_equipment;"Отдельная привязка техники не найдена; возможна общая модель батальона";;;common/units/equipment/ES_mrv_chassis_tracked_1.txt;[]
Мобильная установка с ПТУР на базе гусенечной машины 2;sp_atgm_mrv_tracked_1_equipment;"Отдельная привязка техники не найдена; возможна общая модель батальона";;;common/units/equipment/ES_mrv_chassis_tracked_1.txt;[]
САУ на базе гусенечной машины 2;sp_artillery_mrv_tracked_1_equipment;"Отдельная привязка техники не найдена; возможна общая модель батальона";;;common/units/equipment/ES_mrv_chassis_tracked_1.txt;[]
Тяжелая САУ на базе гусенечной машины 2;sp_heavy_artillery_mrv_tracked_1_equipment;"Отдельная привязка техники не найдена; возможна общая модель батальона";;;common/units/equipment/ES_mrv_chassis_tracked_1.txt;[]
РСЗО на базе гусенечной машины 2;sp_mlrs_mrv_tracked_1_equipment;"Отдельная привязка техники не найдена; возможна общая модель батальона";;;common/units/equipment/ES_mrv_chassis_tracked_1.txt;[]
ТОС на базе гусенечной машины 2;sp_tos_mrv_tracked_1_equipment;"Отдельная привязка техники не найдена; возможна общая модель батальона";;;common/units/equipment/ES_mrv_chassis_tracked_1.txt;[]
Гусеничная машина 3;mrv_tracked_2_equipment;"Отдельная привязка техники не найдена; возможна общая модель батальона";;;common/units/equipment/ES_mrv_chassis_tracked_2.txt;[]
ЗРК на базе гусенечной машины 3;sp_aa_mrv_tracked_2_equipment;"Отдельная привязка техники не найдена; возможна общая модель батальона";;;common/units/equipment/ES_mrv_chassis_tracked_2.txt;[]
Мобильная установка с ПТУР на базе гусенечной машины 3;sp_atgm_mrv_tracked_2_equipment;"Отдельная привязка техники не найдена; возможна общая модель батальона";;;common/units/equipment/ES_mrv_chassis_tracked_2.txt;[]
САУ на базе гусенечной машины 3;sp_artillery_mrv_tracked_2_equipment;"Отдельная привязка техники не найдена; возможна общая модель батальона";;;common/units/equipment/ES_mrv_chassis_tracked_2.txt;[]
Тяжелая САУ на базе гусенечной машины 3;sp_heavy_artillery_mrv_tracked_2_equipment;"Отдельная привязка техники не найдена; возможна общая модель батальона";;;common/units/equipment/ES_mrv_chassis_tracked_2.txt;[]
РСЗО на базе гусенечной машины 3;sp_mlrs_mrv_tracked_2_equipment;"Отдельная привязка техники не найдена; возможна общая модель батальона";;;common/units/equipment/ES_mrv_chassis_tracked_2.txt;[]
ТОС на базе гусенечной машины 3;sp_tos_mrv_tracked_2_equipment;"Отдельная привязка техники не найдена; возможна общая модель батальона";;;common/units/equipment/ES_mrv_chassis_tracked_2.txt;[]
Гусеничная машина 4;mrv_tracked_3_equipment;"Отдельная привязка техники не найдена; возможна общая модель батальона";;;common/units/equipment/ES_mrv_chassis_tracked_3.txt;[]
ЗРК на базе гусенечной машины 4;sp_aa_mrv_tracked_3_equipment;"Отдельная привязка техники не найдена; возможна общая модель батальона";;;common/units/equipment/ES_mrv_chassis_tracked_3.txt;[]
Мобильная установка с ПТУР на базе гусенечной машины 4;sp_atgm_mrv_tracked_3_equipment;"Отдельная привязка техники не найдена; возможна общая модель батальона";;;common/units/equipment/ES_mrv_chassis_tracked_3.txt;[]
САУ на базе гусенечной машины 4;sp_artillery_mrv_tracked_3_equipment;"Отдельная привязка техники не найдена; возможна общая модель батальона";;;common/units/equipment/ES_mrv_chassis_tracked_3.txt;[]
Тяжелая САУ на базе гусенечной машины 4;sp_heavy_artillery_mrv_tracked_3_equipment;"Отдельная привязка техники не найдена; возможна общая модель батальона";;;common/units/equipment/ES_mrv_chassis_tracked_3.txt;[]
РСЗО на базе гусенечной машины 4;sp_mlrs_mrv_tracked_3_equipment;"Отдельная привязка техники не найдена; возможна общая модель батальона";;;common/units/equipment/ES_mrv_chassis_tracked_3.txt;[]
ТОС на базе гусенечной машины 4;sp_tos_mrv_tracked_3_equipment;"Отдельная привязка техники не найдена; возможна общая модель батальона";;;common/units/equipment/ES_mrv_chassis_tracked_3.txt;[]
Гусеничная машина 5;mrv_tracked_4_equipment;"Отдельная привязка техники не найдена; возможна общая модель батальона";;;common/units/equipment/ES_mrv_chassis_tracked_4.txt;[]
ЗРК на базе гусенечной машины 5;sp_aa_mrv_tracked_4_equipment;"Отдельная привязка техники не найдена; возможна общая модель батальона";;;common/units/equipment/ES_mrv_chassis_tracked_4.txt;[]
Мобильная установка с ПТУР на базе гусенечной машины 5;sp_atgm_mrv_tracked_4_equipment;"Отдельная привязка техники не найдена; возможна общая модель батальона";;;common/units/equipment/ES_mrv_chassis_tracked_4.txt;[]
САУ на базе гусенечной машины 5;sp_artillery_mrv_tracked_4_equipment;"Отдельная привязка техники не найдена; возможна общая модель батальона";;;common/units/equipment/ES_mrv_chassis_tracked_4.txt;[]
Тяжелая САУ на базе гусенечной машины 5;sp_heavy_artillery_mrv_tracked_4_equipment;"Отдельная привязка техники не найдена; возможна общая модель батальона";;;common/units/equipment/ES_mrv_chassis_tracked_4.txt;[]
РСЗО на базе гусенечной машины 5;sp_mlrs_mrv_tracked_4_equipment;"Отдельная привязка техники не найдена; возможна общая модель батальона";;;common/units/equipment/ES_mrv_chassis_tracked_4.txt;[]
ТОС на базе гусенечной машины 5;sp_tos_mrv_tracked_4_equipment;"Отдельная привязка техники не найдена; возможна общая модель батальона";;;common/units/equipment/ES_mrv_chassis_tracked_4.txt;[]
Колёсный тягач 1;mrv_wheeled_0_equipment;"Отдельная привязка техники не найдена; возможна общая модель батальона";;;common/units/equipment/ES_mrv_chassis_wheeled_0.txt;[]
ЗРК на базе колесного тягача 1;sp_aa_mrv_wheeled_0_equipment;"Отдельная привязка техники не найдена; возможна общая модель батальона";;;common/units/equipment/ES_mrv_chassis_wheeled_0.txt;[]
Мобильная установка с ПТУР на базе колесного тягача 1;sp_atgm_mrv_wheeled_0_equipment;"Отдельная привязка техники не найдена; возможна общая модель батальона";;;common/units/equipment/ES_mrv_chassis_wheeled_0.txt;[]
САУ на базе колесного тягача 1;sp_artillery_mrv_wheeled_0_equipment;"Отдельная привязка техники не найдена; возможна общая модель батальона";;;common/units/equipment/ES_mrv_chassis_wheeled_0.txt;[]
РСЗО на базе тяжелой колесного тягача 1;sp_mlrs_mrv_wheeled_0_equipment;"Отдельная привязка техники не найдена; возможна общая модель батальона";;;common/units/equipment/ES_mrv_chassis_wheeled_0.txt;[]
ТОС на базе колесного тягача 1;sp_tos_mrv_wheeled_0_equipment;"Отдельная привязка техники не найдена; возможна общая модель батальона";;;common/units/equipment/ES_mrv_chassis_wheeled_0.txt;[]
Колёсный тягач 2;mrv_wheeled_1_equipment;"Отдельная привязка техники не найдена; возможна общая модель батальона";;;common/units/equipment/ES_mrv_chassis_wheeled_1.txt;[]
ЗРК на базе колесного тягача 2;sp_aa_mrv_wheeled_1_equipment;"Отдельная привязка техники не найдена; возможна общая модель батальона";;;common/units/equipment/ES_mrv_chassis_wheeled_1.txt;[]
Мобильная установка с ПТУР на базе колесного тягача 2;sp_atgm_mrv_wheeled_1_equipment;"Отдельная привязка техники не найдена; возможна общая модель батальона";;;common/units/equipment/ES_mrv_chassis_wheeled_1.txt;[]
САУ на базе колесного тягача 2;sp_artillery_mrv_wheeled_1_equipment;"Отдельная привязка техники не найдена; возможна общая модель батальона";;;common/units/equipment/ES_mrv_chassis_wheeled_1.txt;[]
РСЗО на базе тяжелой колесного тягача 2;sp_mlrs_mrv_wheeled_1_equipment;"Отдельная привязка техники не найдена; возможна общая модель батальона";;;common/units/equipment/ES_mrv_chassis_wheeled_1.txt;[]
ТОС на базе колесного тягача 2;sp_tos_mrv_wheeled_1_equipment;"Отдельная привязка техники не найдена; возможна общая модель батальона";;;common/units/equipment/ES_mrv_chassis_wheeled_1.txt;[]
Колёсный тягач 3;mrv_wheeled_2_equipment;"Отдельная привязка техники не найдена; возможна общая модель батальона";;;common/units/equipment/ES_mrv_chassis_wheeled_2.txt;[]
ЗРК на базе колесного тягача 3;sp_aa_mrv_wheeled_2_equipment;"Отдельная привязка техники не найдена; возможна общая модель батальона";;;common/units/equipment/ES_mrv_chassis_wheeled_2.txt;[]
Мобильная установка с ПТУР на базе колесного тягача 3;sp_atgm_mrv_wheeled_2_equipment;"Отдельная привязка техники не найдена; возможна общая модель батальона";;;common/units/equipment/ES_mrv_chassis_wheeled_2.txt;[]
САУ на базе колесного тягача 3;sp_artillery_mrv_wheeled_2_equipment;"Отдельная привязка техники не найдена; возможна общая модель батальона";;;common/units/equipment/ES_mrv_chassis_wheeled_2.txt;[]
РСЗО на базе тяжелой колесного тягача 3;sp_mlrs_mrv_wheeled_2_equipment;"Отдельная привязка техники не найдена; возможна общая модель батальона";;;common/units/equipment/ES_mrv_chassis_wheeled_2.txt;[]
ТОС на базе колесного тягача 3;sp_tos_mrv_wheeled_2_equipment;"Отдельная привязка техники не найдена; возможна общая модель батальона";;;common/units/equipment/ES_mrv_chassis_wheeled_2.txt;[]
Колёсный тягач 4;mrv_wheeled_3_equipment;"Отдельная привязка техники не найдена; возможна общая модель батальона";;;common/units/equipment/ES_mrv_chassis_wheeled_3.txt;[]
ЗРК на базе колесного тягача 4;sp_aa_mrv_wheeled_3_equipment;"Отдельная привязка техники не найдена; возможна общая модель батальона";;;common/units/equipment/ES_mrv_chassis_wheeled_3.txt;[]
Мобильная установка с ПТУР на базе колесного тягача 4;sp_atgm_mrv_wheeled_3_equipment;"Отдельная привязка техники не найдена; возможна общая модель батальона";;;common/units/equipment/ES_mrv_chassis_wheeled_3.txt;[]
САУ на базе колесного тягача 4;sp_artillery_mrv_wheeled_3_equipment;"Отдельная привязка техники не найдена; возможна общая модель батальона";;;common/units/equipment/ES_mrv_chassis_wheeled_3.txt;[]
РСЗО на базе тяжелой колесного тягача 4;sp_mlrs_mrv_wheeled_3_equipment;"Отдельная привязка техники не найдена; возможна общая модель батальона";;;common/units/equipment/ES_mrv_chassis_wheeled_3.txt;[]
ТОС на базе колесного тягача 4;sp_tos_mrv_wheeled_3_equipment;"Отдельная привязка техники не найдена; возможна общая модель батальона";;;common/units/equipment/ES_mrv_chassis_wheeled_3.txt;[]
Колёсный тягач 5;mrv_wheeled_4_equipment;"Отдельная привязка техники не найдена; возможна общая модель батальона";;;common/units/equipment/ES_mrv_chassis_wheeled_4.txt;[]
ЗРК на базе колесного тягача 5;sp_aa_mrv_wheeled_4_equipment;"Отдельная привязка техники не найдена; возможна общая модель батальона";;;common/units/equipment/ES_mrv_chassis_wheeled_4.txt;[]
Мобильная установка с ПТУР на базе колесного тягача 5;sp_atgm_mrv_wheeled_4_equipment;"Отдельная привязка техники не найдена; возможна общая модель батальона";;;common/units/equipment/ES_mrv_chassis_wheeled_4.txt;[]
САУ на базе колесного тягача 5;sp_artillery_mrv_wheeled_4_equipment;"Отдельная привязка техники не найдена; возможна общая модель батальона";;;common/units/equipment/ES_mrv_chassis_wheeled_4.txt;[]
РСЗО на базе тяжелой колесного тягача 5;sp_mlrs_mrv_wheeled_4_equipment;"Отдельная привязка техники не найдена; возможна общая модель батальона";;;common/units/equipment/ES_mrv_chassis_wheeled_4.txt;[]
ТОС на базе колесного тягача 5;sp_tos_mrv_wheeled_4_equipment;"Отдельная привязка техники не найдена; возможна общая модель батальона";;;common/units/equipment/ES_mrv_chassis_wheeled_4.txt;[]
Шасси EMBT ADT140;tank_euro_EMBT_ADT140_equipment;Ссылка на отсутствующую entity;tank_ger_leopard2_entity;tank_ger_leopard2_equipment;common/units/equipment/ES_tank_chassis_embt.txt;[]
ifv_heavy_euro_EMBT_ADT140_equipment;ifv_heavy_euro_EMBT_ADT140_equipment;"Отдельная привязка техники не найдена; возможна общая модель батальона";;;common/units/equipment/ES_tank_chassis_embt.txt;[]
apc_tank_euro_EMBT_ADT140_equipment;apc_tank_euro_EMBT_ADT140_equipment;"Отдельная привязка техники не найдена; возможна общая модель батальона";;;common/units/equipment/ES_tank_chassis_embt.txt;[]
sp_aa_tank_euro_EMBT_ADT140_equipment;sp_aa_tank_euro_EMBT_ADT140_equipment;"Отдельная привязка техники не найдена; возможна общая модель батальона";;;common/units/equipment/ES_tank_chassis_embt.txt;[]
sp_atgm_tank_euro_EMBT_ADT140_equipment;sp_atgm_tank_euro_EMBT_ADT140_equipment;"Отдельная привязка техники не найдена; возможна общая модель батальона";;;common/units/equipment/ES_tank_chassis_embt.txt;[]
arv_tank_euro_EMBT_ADT140_equipment;arv_tank_euro_EMBT_ADT140_equipment;"Отдельная привязка техники не найдена; возможна общая модель батальона";;;common/units/equipment/ES_tank_chassis_embt.txt;[]
sp_artillery_tank_euro_EMBT_ADT140_equipment;sp_artillery_tank_euro_EMBT_ADT140_equipment;"Отдельная привязка техники не найдена; возможна общая модель батальона";;;common/units/equipment/ES_tank_chassis_embt.txt;[]
sp_heavy_artillery_tank_euro_EMBT_ADT140_equipment;sp_heavy_artillery_tank_euro_EMBT_ADT140_equipment;"Отдельная привязка техники не найдена; возможна общая модель батальона";;;common/units/equipment/ES_tank_chassis_embt.txt;[]
sp_mlrs_tank_euro_EMBT_ADT140_equipment;sp_mlrs_tank_euro_EMBT_ADT140_equipment;"Отдельная привязка техники не найдена; возможна общая модель батальона";;;common/units/equipment/ES_tank_chassis_embt.txt;[]
Шасси Centurion;tank_eng_centurion_equipment;"Отдельная привязка техники не найдена; возможна общая модель батальона";;;common/units/equipment/ES_tank_chassis_eng_centurion.txt;[]
Тяжелая БМП на базе Centurion;ifv_heavy_eng_centurion_equipment;"Отдельная привязка техники не найдена; возможна общая модель батальона";;;common/units/equipment/ES_tank_chassis_eng_centurion.txt;[]
БТР на базе Centurion;apc_tank_eng_centurion_equipment;"Отдельная привязка техники не найдена; возможна общая модель батальона";;;common/units/equipment/ES_tank_chassis_eng_centurion.txt;[]
ЗРК на базе Centurion;sp_aa_tank_eng_centurion_equipment;"Отдельная привязка техники не найдена; возможна общая модель батальона";;;common/units/equipment/ES_tank_chassis_eng_centurion.txt;[]
Мобильный ПТРК на базе Centurion;sp_atgm_tank_eng_centurion_equipment;"Отдельная привязка техники не найдена; возможна общая модель батальона";;;common/units/equipment/ES_tank_chassis_eng_centurion.txt;[]
ИМР на базе Centurion;arv_tank_eng_centurion_equipment;"Отдельная привязка техники не найдена; возможна общая модель батальона";;;common/units/equipment/ES_tank_chassis_eng_centurion.txt;[]
САУ на базе Centurion;sp_artillery_tank_eng_centurion_equipment;"Отдельная привязка техники не найдена; возможна общая модель батальона";;;common/units/equipment/ES_tank_chassis_eng_centurion.txt;[]
Тяжелая САУ на базе Centurion;sp_heavy_artillery_tank_eng_centurion_equipment;"Отдельная привязка техники не найдена; возможна общая модель батальона";;;common/units/equipment/ES_tank_chassis_eng_centurion.txt;[]
РСЗО на базе Centurion;sp_mlrs_tank_eng_centurion_equipment;"Отдельная привязка техники не найдена; возможна общая модель батальона";;;common/units/equipment/ES_tank_chassis_eng_centurion.txt;[]
Шасси Challenger 1;tank_eng_challenger1_equipment;"Отдельная привязка техники не найдена; возможна общая модель батальона";;;common/units/equipment/ES_tank_chassis_eng_challenger1.txt;[]
Тяжелая БМП на базе Challenger 1;ifv_heavy_eng_challenger1_equipment;"Отдельная привязка техники не найдена; возможна общая модель батальона";;;common/units/equipment/ES_tank_chassis_eng_challenger1.txt;[]
БТР на базе Challenger 1;apc_tank_eng_challenger1_equipment;"Отдельная привязка техники не найдена; возможна общая модель батальона";;;common/units/equipment/ES_tank_chassis_eng_challenger1.txt;[]
ЗРК на базе Challenger 1;sp_aa_tank_eng_challenger1_equipment;"Отдельная привязка техники не найдена; возможна общая модель батальона";;;common/units/equipment/ES_tank_chassis_eng_challenger1.txt;[]
Мобильный ПТРК на базе Challenger 1;sp_atgm_tank_eng_challenger1_equipment;"Отдельная привязка техники не найдена; возможна общая модель батальона";;;common/units/equipment/ES_tank_chassis_eng_challenger1.txt;[]
ИМР на базе Challenger 1;arv_tank_eng_challenger1_equipment;"Отдельная привязка техники не найдена; возможна общая модель батальона";;;common/units/equipment/ES_tank_chassis_eng_challenger1.txt;[]
САУ на базе Challenger 1;sp_artillery_tank_eng_challenger1_equipment;"Отдельная привязка техники не найдена; возможна общая модель батальона";;;common/units/equipment/ES_tank_chassis_eng_challenger1.txt;[]
Тяжелая САУ на базе Challenger 1;sp_heavy_artillery_tank_eng_challenger1_equipment;"Отдельная привязка техники не найдена; возможна общая модель батальона";;;common/units/equipment/ES_tank_chassis_eng_challenger1.txt;[]
РСЗО на базе Challenger 1;sp_mlrs_tank_eng_challenger1_equipment;"Отдельная привязка техники не найдена; возможна общая модель батальона";;;common/units/equipment/ES_tank_chassis_eng_challenger1.txt;[]
Шасси Challenger 2;tank_eng_challenger2_equipment;"Отдельная привязка техники не найдена; возможна общая модель батальона";;;common/units/equipment/ES_tank_chassis_eng_challenger2.txt;[]
Тяжелая БМП на базе Challenger 2;ifv_heavy_eng_challenger2_equipment;"Отдельная привязка техники не найдена; возможна общая модель батальона";;;common/units/equipment/ES_tank_chassis_eng_challenger2.txt;[]
БТР на базе Challenger 2;apc_tank_eng_challenger2_equipment;"Отдельная привязка техники не найдена; возможна общая модель батальона";;;common/units/equipment/ES_tank_chassis_eng_challenger2.txt;[]
ЗРК на базе Challenger 2;sp_aa_tank_eng_challenger2_equipment;"Отдельная привязка техники не найдена; возможна общая модель батальона";;;common/units/equipment/ES_tank_chassis_eng_challenger2.txt;[]
Мобильный ПТРК на базе Challenger 2;sp_atgm_tank_eng_challenger2_equipment;"Отдельная привязка техники не найдена; возможна общая модель батальона";;;common/units/equipment/ES_tank_chassis_eng_challenger2.txt;[]
ИМР на базе Challenger 2;arv_tank_eng_challenger2_equipment;"Отдельная привязка техники не найдена; возможна общая модель батальона";;;common/units/equipment/ES_tank_chassis_eng_challenger2.txt;[]
САУ на базе Challenger 2;sp_artillery_tank_eng_challenger2_equipment;"Отдельная привязка техники не найдена; возможна общая модель батальона";;;common/units/equipment/ES_tank_chassis_eng_challenger2.txt;[]
Тяжелая САУ на базе Challenger 2;sp_heavy_artillery_tank_eng_challenger2_equipment;"Отдельная привязка техники не найдена; возможна общая модель батальона";;;common/units/equipment/ES_tank_chassis_eng_challenger2.txt;[]
РСЗО на базе Challenger 2;sp_mlrs_tank_eng_challenger2_equipment;"Отдельная привязка техники не найдена; возможна общая модель батальона";;;common/units/equipment/ES_tank_chassis_eng_challenger2.txt;[]
Шасси Chieftain;tank_eng_chieftain_equipment;"Отдельная привязка техники не найдена; возможна общая модель батальона";;;common/units/equipment/ES_tank_chassis_eng_chieftain.txt;[]
Тяжелая БМП на базе Chieftain;ifv_heavy_eng_chieftain_equipment;"Отдельная привязка техники не найдена; возможна общая модель батальона";;;common/units/equipment/ES_tank_chassis_eng_chieftain.txt;[]
БТР на базе Chieftain;apc_tank_eng_chieftain_equipment;"Отдельная привязка техники не найдена; возможна общая модель батальона";;;common/units/equipment/ES_tank_chassis_eng_chieftain.txt;[]
ЗРК на базе Chieftain;sp_aa_tank_eng_chieftain_equipment;"Отдельная привязка техники не найдена; возможна общая модель батальона";;;common/units/equipment/ES_tank_chassis_eng_chieftain.txt;[]
Мобильный ПТРК на базе Chieftain;sp_atgm_tank_eng_chieftain_equipment;"Отдельная привязка техники не найдена; возможна общая модель батальона";;;common/units/equipment/ES_tank_chassis_eng_chieftain.txt;[]
ИМР на базе Chieftain;arv_tank_eng_chieftain_equipment;"Отдельная привязка техники не найдена; возможна общая модель батальона";;;common/units/equipment/ES_tank_chassis_eng_chieftain.txt;[]
САУ на базе Chieftain;sp_artillery_tank_eng_chieftain_equipment;"Отдельная привязка техники не найдена; возможна общая модель батальона";;;common/units/equipment/ES_tank_chassis_eng_chieftain.txt;[]
Тяжелая САУ на базе Chieftain;sp_heavy_artillery_tank_eng_chieftain_equipment;"Отдельная привязка техники не найдена; возможна общая модель батальона";;;common/units/equipment/ES_tank_chassis_eng_chieftain.txt;[]
РСЗО на базе Chieftain;sp_mlrs_tank_eng_chieftain_equipment;"Отдельная привязка техники не найдена; возможна общая модель батальона";;;common/units/equipment/ES_tank_chassis_eng_chieftain.txt;[]
Шасси AMX-30;tank_fra_amx30_equipment;"Отдельная привязка техники не найдена; возможна общая модель батальона";;;common/units/equipment/ES_tank_chassis_fra_amx30.txt;[]
Тяжелая БМП на базе AMX-30;ifv_heavy_fra_amx30_equipment;"Отдельная привязка техники не найдена; возможна общая модель батальона";;;common/units/equipment/ES_tank_chassis_fra_amx30.txt;[]
БТР на базе AMX-30;apc_tank_fra_amx30_equipment;"Отдельная привязка техники не найдена; возможна общая модель батальона";;;common/units/equipment/ES_tank_chassis_fra_amx30.txt;[]
ЗРК на базе AMX-30;sp_aa_tank_fra_amx30_equipment;"Отдельная привязка техники не найдена; возможна общая модель батальона";;;common/units/equipment/ES_tank_chassis_fra_amx30.txt;[]
Мобильный ПТРК на базе AMX-30;sp_atgm_tank_fra_amx30_equipment;"Отдельная привязка техники не найдена; возможна общая модель батальона";;;common/units/equipment/ES_tank_chassis_fra_amx30.txt;[]
ИМР на базе AMX-30;arv_tank_fra_amx30_equipment;"Отдельная привязка техники не найдена; возможна общая модель батальона";;;common/units/equipment/ES_tank_chassis_fra_amx30.txt;[]
САУ на базе AMX-30;sp_artillery_tank_fra_amx30_equipment;"Отдельная привязка техники не найдена; возможна общая модель батальона";;;common/units/equipment/ES_tank_chassis_fra_amx30.txt;[]
Тяжелая САУ на базе AMX-30;sp_heavy_artillery_tank_fra_amx30_equipment;"Отдельная привязка техники не найдена; возможна общая модель батальона";;;common/units/equipment/ES_tank_chassis_fra_amx30.txt;[]
РСЗО на базе AMX-30;sp_mlrs_tank_fra_amx30_equipment;"Отдельная привязка техники не найдена; возможна общая модель батальона";;;common/units/equipment/ES_tank_chassis_fra_amx30.txt;[]
Шасси Leclerc;tank_fra_leclerc_equipment;"Отдельная привязка техники не найдена; возможна общая модель батальона";;;common/units/equipment/ES_tank_chassis_fra_leclerc.txt;[]
Тяжелая БМП на базе Leclerc;ifv_heavy_fra_leclerc_equipment;"Отдельная привязка техники не найдена; возможна общая модель батальона";;;common/units/equipment/ES_tank_chassis_fra_leclerc.txt;[]
БТР на базе Leclerc;apc_tank_fra_leclerc_equipment;"Отдельная привязка техники не найдена; возможна общая модель батальона";;;common/units/equipment/ES_tank_chassis_fra_leclerc.txt;[]
ЗРК на базе Leclerc;sp_aa_tank_fra_leclerc_equipment;"Отдельная привязка техники не найдена; возможна общая модель батальона";;;common/units/equipment/ES_tank_chassis_fra_leclerc.txt;[]
Мобильный ПТРК на базе Leclerc;sp_atgm_tank_fra_leclerc_equipment;"Отдельная привязка техники не найдена; возможна общая модель батальона";;;common/units/equipment/ES_tank_chassis_fra_leclerc.txt;[]
ИМР на базе Leclerc;arv_tank_fra_leclerc_equipment;"Отдельная привязка техники не найдена; возможна общая модель батальона";;;common/units/equipment/ES_tank_chassis_fra_leclerc.txt;[]
САУ на базе Leclerc;sp_artillery_tank_fra_leclerc_equipment;"Отдельная привязка техники не найдена; возможна общая модель батальона";;;common/units/equipment/ES_tank_chassis_fra_leclerc.txt;[]
Тяжелая САУ на базе Leclerc;sp_heavy_artillery_tank_fra_leclerc_equipment;"Отдельная привязка техники не найдена; возможна общая модель батальона";;;common/units/equipment/ES_tank_chassis_fra_leclerc.txt;[]
РСЗО на базе Leclerc;sp_mlrs_tank_fra_leclerc_equipment;"Отдельная привязка техники не найдена; возможна общая модель батальона";;;common/units/equipment/ES_tank_chassis_fra_leclerc.txt;[]
Шасси Leopard 1;tank_ger_leopard1_equipment;"Отдельная привязка техники не найдена; возможна общая модель батальона";;;common/units/equipment/ES_tank_chassis_ger_leopard1.txt;[]
Тяжелая БМП на базе Leopard 1;ifv_heavy_ger_leopard1_equipment;"Отдельная привязка техники не найдена; возможна общая модель батальона";;;common/units/equipment/ES_tank_chassis_ger_leopard1.txt;[]
БТР на базе Leopard 1;apc_tank_ger_leopard1_equipment;"Отдельная привязка техники не найдена; возможна общая модель батальона";;;common/units/equipment/ES_tank_chassis_ger_leopard1.txt;[]
ЗРК на базе Leopard 1;sp_aa_tank_ger_leopard1_equipment;"Отдельная привязка техники не найдена; возможна общая модель батальона";;;common/units/equipment/ES_tank_chassis_ger_leopard1.txt;[]
Мобильный ПТРК на базе Leopard 1;sp_atgm_tank_ger_leopard1_equipment;"Отдельная привязка техники не найдена; возможна общая модель батальона";;;common/units/equipment/ES_tank_chassis_ger_leopard1.txt;[]
ИМР на базе Leopard 1;arv_tank_ger_leopard1_equipment;"Отдельная привязка техники не найдена; возможна общая модель батальона";;;common/units/equipment/ES_tank_chassis_ger_leopard1.txt;[]
САУ на базе Leopard 1;sp_artillery_tank_ger_leopard1_equipment;"Отдельная привязка техники не найдена; возможна общая модель батальона";;;common/units/equipment/ES_tank_chassis_ger_leopard1.txt;[]
Тяжелая САУ на базе Leopard 1;sp_heavy_artillery_tank_ger_leopard1_equipment;"Отдельная привязка техники не найдена; возможна общая модель батальона";;;common/units/equipment/ES_tank_chassis_ger_leopard1.txt;[]
РСЗО на базе Leopard 1;sp_mlrs_tank_ger_leopard1_equipment;"Отдельная привязка техники не найдена; возможна общая модель батальона";;;common/units/equipment/ES_tank_chassis_ger_leopard1.txt;[]
Шасси Leopard 2;tank_ger_leopard2_equipment;Ссылка на отсутствующую entity;tank_ger_leopard2_entity;tank_ger_leopard2_equipment;common/units/equipment/ES_tank_chassis_ger_leopard2.txt;[]
Тяжелая БМП на базе Leopard 2;ifv_heavy_ger_leopard2_equipment;"Отдельная привязка техники не найдена; возможна общая модель батальона";;;common/units/equipment/ES_tank_chassis_ger_leopard2.txt;[]
БТР на базе Leopard 2;apc_tank_ger_leopard2_equipment;"Отдельная привязка техники не найдена; возможна общая модель батальона";;;common/units/equipment/ES_tank_chassis_ger_leopard2.txt;[]
ЗРК на базе Leopard 2;sp_aa_tank_ger_leopard2_equipment;"Отдельная привязка техники не найдена; возможна общая модель батальона";;;common/units/equipment/ES_tank_chassis_ger_leopard2.txt;[]
Мобильный ПТРК на базе Leopard 2;sp_atgm_tank_ger_leopard2_equipment;"Отдельная привязка техники не найдена; возможна общая модель батальона";;;common/units/equipment/ES_tank_chassis_ger_leopard2.txt;[]
ИМР на базе Leopard 2;arv_tank_ger_leopard2_equipment;"Отдельная привязка техники не найдена; возможна общая модель батальона";;;common/units/equipment/ES_tank_chassis_ger_leopard2.txt;[]
САУ на базе Leopard 2;sp_artillery_tank_ger_leopard2_equipment;"Отдельная привязка техники не найдена; возможна общая модель батальона";;;common/units/equipment/ES_tank_chassis_ger_leopard2.txt;[]
Тяжелая САУ на базе Leopard 2;sp_heavy_artillery_tank_ger_leopard2_equipment;"Отдельная привязка техники не найдена; возможна общая модель батальона";;;common/units/equipment/ES_tank_chassis_ger_leopard2.txt;[]
РСЗО на базе Leopard 2;sp_mlrs_tank_ger_leopard2_equipment;"Отдельная привязка техники не найдена; возможна общая модель батальона";;;common/units/equipment/ES_tank_chassis_ger_leopard2.txt;[]
Шасси Panther KF51;tank_ger_kf51_equipment;Ссылка на отсутствующую entity;tank_ger_leopard2_entity;tank_ger_leopard2_equipment;common/units/equipment/ES_tank_chassis_ger_leopard2_kf51.txt;[]
Тяжелая БМП на базе Panther KF51;ifv_heavy_ger_kf51_equipment;"Отдельная привязка техники не найдена; возможна общая модель батальона";;;common/units/equipment/ES_tank_chassis_ger_leopard2_kf51.txt;[]
БТР на базе Panther KF51;apc_tank_ger_kf51_equipment;"Отдельная привязка техники не найдена; возможна общая модель батальона";;;common/units/equipment/ES_tank_chassis_ger_leopard2_kf51.txt;[]
ЗРК на базе Panther KF51;sp_aa_tank_ger_kf51_equipment;"Отдельная привязка техники не найдена; возможна общая модель батальона";;;common/units/equipment/ES_tank_chassis_ger_leopard2_kf51.txt;[]
Мобильный ПТРК на базе Panther KF51;sp_atgm_tank_ger_kf51_equipment;"Отдельная привязка техники не найдена; возможна общая модель батальона";;;common/units/equipment/ES_tank_chassis_ger_leopard2_kf51.txt;[]
ИМР на базе Panther KF51;arv_tank_ger_kf51_equipment;"Отдельная привязка техники не найдена; возможна общая модель батальона";;;common/units/equipment/ES_tank_chassis_ger_leopard2_kf51.txt;[]
САУ на базе Panther KF51;sp_artillery_tank_ger_kf51_equipment;"Отдельная привязка техники не найдена; возможна общая модель батальона";;;common/units/equipment/ES_tank_chassis_ger_leopard2_kf51.txt;[]
Тяжелая САУ на базе Panther KF51;sp_heavy_artillery_tank_ger_kf51_equipment;"Отдельная привязка техники не найдена; возможна общая модель батальона";;;common/units/equipment/ES_tank_chassis_ger_leopard2_kf51.txt;[]
РСЗО на базе Panther KF51;sp_mlrs_tank_ger_kf51_equipment;"Отдельная привязка техники не найдена; возможна общая модель батальона";;;common/units/equipment/ES_tank_chassis_ger_leopard2_kf51.txt;[]
Шасси Ariete;tank_ita_ariete_equipment;"Отдельная привязка техники не найдена; возможна общая модель батальона";;;common/units/equipment/ES_tank_chassis_ita_ariete.txt;[]
Тяжелая БМП на базе Ariete;ifv_heavy_ita_ariete_equipment;"Отдельная привязка техники не найдена; возможна общая модель батальона";;;common/units/equipment/ES_tank_chassis_ita_ariete.txt;[]
БТР на базе Ariete;apc_tank_ita_ariete_equipment;"Отдельная привязка техники не найдена; возможна общая модель батальона";;;common/units/equipment/ES_tank_chassis_ita_ariete.txt;[]
ЗРК на базе Ariete;sp_aa_tank_ita_ariete_equipment;"Отдельная привязка техники не найдена; возможна общая модель батальона";;;common/units/equipment/ES_tank_chassis_ita_ariete.txt;[]
Мобильный ПТРК на базе Ariete;sp_atgm_tank_ita_ariete_equipment;"Отдельная привязка техники не найдена; возможна общая модель батальона";;;common/units/equipment/ES_tank_chassis_ita_ariete.txt;[]
ИМР на базе Ariete;arv_tank_ita_ariete_equipment;"Отдельная привязка техники не найдена; возможна общая модель батальона";;;common/units/equipment/ES_tank_chassis_ita_ariete.txt;[]
САУ на базе Ariete;sp_artillery_tank_ita_ariete_equipment;"Отдельная привязка техники не найдена; возможна общая модель батальона";;;common/units/equipment/ES_tank_chassis_ita_ariete.txt;[]
Тяжелая САУ на базе Ariete;sp_heavy_artillery_tank_ita_ariete_equipment;"Отдельная привязка техники не найдена; возможна общая модель батальона";;;common/units/equipment/ES_tank_chassis_ita_ariete.txt;[]
РСЗО на базе Ariete;sp_mlrs_tank_ita_ariete_equipment;"Отдельная привязка техники не найдена; возможна общая модель батальона";;;common/units/equipment/ES_tank_chassis_ita_ariete.txt;[]
Шасси Об.640;tank_rus_obj640_equipment;Модель из мода;t80_entity;tank_sov_t80_equipment;common/units/equipment/ES_tank_chassis_sov_obj640.txt;"[[""t80_entity"", ""mod"", ""gfx/models/units/tanks/t80.mesh""]]"
БМПТ на базе Об.640;bmpt_tank_rus_obj640_equipment;"Отдельная привязка техники не найдена; возможна общая модель батальона";;;common/units/equipment/ES_tank_chassis_sov_obj640.txt;[]
Тяжелая БМП на базе Об.640;ifv_heavy_rus_obj640_equipment;Ссылка на отсутствующую entity;UKR_T_64;ifv_heavy_sov_t64_equipment;common/units/equipment/ES_tank_chassis_sov_obj640.txt;[]
БТР на базе Об.640;apc_tank_rus_obj640_equipment;"Отдельная привязка техники не найдена; возможна общая модель батальона";;;common/units/equipment/ES_tank_chassis_sov_obj640.txt;[]
ЗРК на базе Об.640;sp_aa_tank_rus_obj640_equipment;"Отдельная привязка техники не найдена; возможна общая модель батальона";;;common/units/equipment/ES_tank_chassis_sov_obj640.txt;[]
Мобильная установка с ПТУР на базе Об.640;sp_atgm_tank_rus_obj640_equipment;"Отдельная привязка техники не найдена; возможна общая модель батальона";;;common/units/equipment/ES_tank_chassis_sov_obj640.txt;[]
ИМР на базе Об.640;arv_tank_rus_obj640_equipment;"Отдельная привязка техники не найдена; возможна общая модель батальона";;;common/units/equipment/ES_tank_chassis_sov_obj640.txt;[]
САУ на базе Об.640;sp_artillery_tank_rus_obj640_equipment;"Отдельная привязка техники не найдена; возможна общая модель батальона";;;common/units/equipment/ES_tank_chassis_sov_obj640.txt;[]
Тяжелая САУ на базе Об.640;sp_heavy_artillery_tank_rus_obj640_equipment;"Отдельная привязка техники не найдена; возможна общая модель батальона";;;common/units/equipment/ES_tank_chassis_sov_obj640.txt;[]
РСЗО на базе Об.640;sp_mlrs_tank_rus_obj640_equipment;"Отдельная привязка техники не найдена; возможна общая модель батальона";;;common/units/equipment/ES_tank_chassis_sov_obj640.txt;[]
ТОС на базе Об.640;sp_tos_tank_rus_obj640_equipment;"Отдельная привязка техники не найдена; возможна общая модель батальона";;;common/units/equipment/ES_tank_chassis_sov_obj640.txt;[]
Шасси Т-14;tank_rus_t14_equipment;Модель из мода;t90_entity;tank_rus_t90_equipment;common/units/equipment/ES_tank_chassis_sov_t14.txt;"[[""t90_entity"", ""mod"", ""gfx/models/units/tanks/t90m.mesh""]]"
БМПТ на базе Т-14;bmpt_tank_rus_t14_equipment;"Отдельная привязка техники не найдена; возможна общая модель батальона";;;common/units/equipment/ES_tank_chassis_sov_t14.txt;[]
Тяжелая БМП на базе Т-14;ifv_heavy_rus_t14_equipment;Ссылка на отсутствующую entity;RUS_BMP_1;ifv_heavy_sov_chassis;common/units/equipment/ES_tank_chassis_sov_t14.txt;[]
БТР на базе Т-14;apc_tank_rus_t14_equipment;"Отдельная привязка техники не найдена; возможна общая модель батальона";;;common/units/equipment/ES_tank_chassis_sov_t14.txt;[]
ЗРК на базе Т-14;sp_aa_tank_rus_t14_equipment;"Отдельная привязка техники не найдена; возможна общая модель батальона";;;common/units/equipment/ES_tank_chassis_sov_t14.txt;[]
Мобильная установка с ПТУР на базе Т-14;sp_atgm_tank_rus_t14_equipment;"Отдельная привязка техники не найдена; возможна общая модель батальона";;;common/units/equipment/ES_tank_chassis_sov_t14.txt;[]
ИМР на базе Т-14;arv_tank_rus_t14_equipment;"Отдельная привязка техники не найдена; возможна общая модель батальона";;;common/units/equipment/ES_tank_chassis_sov_t14.txt;[]
САУ на базе Т-14;sp_artillery_tank_rus_t14_equipment;"Отдельная привязка техники не найдена; возможна общая модель батальона";;;common/units/equipment/ES_tank_chassis_sov_t14.txt;[]
Тяжелая САУ на базе Т-14;sp_heavy_artillery_tank_rus_t14_equipment;"Отдельная привязка техники не найдена; возможна общая модель батальона";;;common/units/equipment/ES_tank_chassis_sov_t14.txt;[]
РСЗО на базе Т-14;sp_mlrs_tank_rus_t14_equipment;"Отдельная привязка техники не найдена; возможна общая модель батальона";;;common/units/equipment/ES_tank_chassis_sov_t14.txt;[]
ТОС на базе Т-14;sp_tos_tank_rus_t14_equipment;"Отдельная привязка техники не найдена; возможна общая модель батальона";;;common/units/equipment/ES_tank_chassis_sov_t14.txt;[]
Шасси Т-54/55;tank_sov_t55_equipment;"Отдельная привязка техники не найдена; возможна общая модель батальона";;;common/units/equipment/ES_tank_chassis_sov_t55.txt;[]
БМПТ на базе Т-54/55;bmpt_tank_sov_t55_equipment;"Отдельная привязка техники не найдена; возможна общая модель батальона";;;common/units/equipment/ES_tank_chassis_sov_t55.txt;[]
Тяжелая БМП на базе Т-54/55;ifv_heavy_sov_t55_equipment;Ссылка на отсутствующую entity;RUS_BMP_1;ifv_heavy_sov_chassis;common/units/equipment/ES_tank_chassis_sov_t55.txt;[]
БТР на базе Т-54/55;apc_tank_sov_t55_equipment;"Отдельная привязка техники не найдена; возможна общая модель батальона";;;common/units/equipment/ES_tank_chassis_sov_t55.txt;[]
ЗРК на базе Т-54/55;sp_aa_tank_sov_t55_equipment;"Отдельная привязка техники не найдена; возможна общая модель батальона";;;common/units/equipment/ES_tank_chassis_sov_t55.txt;[]
Мобильная установка с ПТУР на базе Т-54/55;sp_atgm_tank_sov_t55_equipment;"Отдельная привязка техники не найдена; возможна общая модель батальона";;;common/units/equipment/ES_tank_chassis_sov_t55.txt;[]
ИМР на базе Т-54/55;arv_tank_sov_t55_equipment;"Отдельная привязка техники не найдена; возможна общая модель батальона";;;common/units/equipment/ES_tank_chassis_sov_t55.txt;[]
САУ на базе Т-54/55;sp_artillery_tank_sov_t55_equipment;"Отдельная привязка техники не найдена; возможна общая модель батальона";;;common/units/equipment/ES_tank_chassis_sov_t55.txt;[]
Тяжелая САУ на базе Т-54/55;sp_heavy_artillery_tank_sov_t55_equipment;"Отдельная привязка техники не найдена; возможна общая модель батальона";;;common/units/equipment/ES_tank_chassis_sov_t55.txt;[]
РСЗО на базе Т-54/55;sp_mlrs_tank_sov_t55_equipment;"Отдельная привязка техники не найдена; возможна общая модель батальона";;;common/units/equipment/ES_tank_chassis_sov_t55.txt;[]
ТОС на базе Т-54/55;sp_tos_tank_sov_t55_equipment;"Отдельная привязка техники не найдена; возможна общая модель батальона";;;common/units/equipment/ES_tank_chassis_sov_t55.txt;[]
Шасси Т-62;tank_sov_t62_equipment;"Отдельная привязка техники не найдена; возможна общая модель батальона";;;common/units/equipment/ES_tank_chassis_sov_t62.txt;[]
БМПТ на базе Т-62;bmpt_tank_sov_t62_equipment;"Отдельная привязка техники не найдена; возможна общая модель батальона";;;common/units/equipment/ES_tank_chassis_sov_t62.txt;[]
Тяжелая БМП на базе Т-62;ifv_heavy_sov_t62_equipment;Ссылка на отсутствующую entity;RUS_BMP_1;ifv_heavy_sov_chassis;common/units/equipment/ES_tank_chassis_sov_t62.txt;[]
БТР на базе Т-62;apc_tank_sov_t62_equipment;"Отдельная привязка техники не найдена; возможна общая модель батальона";;;common/units/equipment/ES_tank_chassis_sov_t62.txt;[]
ЗРК на базе Т-62;sp_aa_tank_sov_t62_equipment;"Отдельная привязка техники не найдена; возможна общая модель батальона";;;common/units/equipment/ES_tank_chassis_sov_t62.txt;[]
Мобильная установка с ПТУР на базе Т-62;sp_atgm_tank_sov_t62_equipment;"Отдельная привязка техники не найдена; возможна общая модель батальона";;;common/units/equipment/ES_tank_chassis_sov_t62.txt;[]
ИМР на базе Т-62;arv_tank_sov_t62_equipment;"Отдельная привязка техники не найдена; возможна общая модель батальона";;;common/units/equipment/ES_tank_chassis_sov_t62.txt;[]
САУ на базе Т-62;sp_artillery_tank_sov_t62_equipment;"Отдельная привязка техники не найдена; возможна общая модель батальона";;;common/units/equipment/ES_tank_chassis_sov_t62.txt;[]
Тяжелая САУ на базе Т-62;sp_heavy_artillery_tank_sov_t62_equipment;"Отдельная привязка техники не найдена; возможна общая модель батальона";;;common/units/equipment/ES_tank_chassis_sov_t62.txt;[]
РСЗО на базе Т-62;sp_mlrs_tank_sov_t62_equipment;"Отдельная привязка техники не найдена; возможна общая модель батальона";;;common/units/equipment/ES_tank_chassis_sov_t62.txt;[]
ТОС на базе Т-62;sp_tos_tank_sov_t62_equipment;"Отдельная привязка техники не найдена; возможна общая модель батальона";;;common/units/equipment/ES_tank_chassis_sov_t62.txt;[]
Шасси Т-64;tank_sov_t64_equipment;Ссылка на отсутствующую entity;t64;tank_sov_t64_equipment;common/units/equipment/ES_tank_chassis_sov_t64.txt;[]
БМПТ на базе Т-64;bmpt_tank_sov_t64_equipment;"Отдельная привязка техники не найдена; возможна общая модель батальона";;;common/units/equipment/ES_tank_chassis_sov_t64.txt;[]
Тяжелая БМП на базе Т-64;ifv_heavy_sov_t64_equipment;Ссылка на отсутствующую entity;UKR_T_64;ifv_heavy_sov_t64_equipment;common/units/equipment/ES_tank_chassis_sov_t64.txt;[]
БТР на базе Т-64;apc_tank_sov_t64_equipment;"Отдельная привязка техники не найдена; возможна общая модель батальона";;;common/units/equipment/ES_tank_chassis_sov_t64.txt;[]
ЗРК на базе Т-64;sp_aa_tank_sov_t64_equipment;"Отдельная привязка техники не найдена; возможна общая модель батальона";;;common/units/equipment/ES_tank_chassis_sov_t64.txt;[]
Мобильная установка с ПТУР на базе Т-64;sp_atgm_tank_sov_t64_equipment;"Отдельная привязка техники не найдена; возможна общая модель батальона";;;common/units/equipment/ES_tank_chassis_sov_t64.txt;[]
ИМР на базе Т-64;arv_tank_sov_t64_equipment;"Отдельная привязка техники не найдена; возможна общая модель батальона";;;common/units/equipment/ES_tank_chassis_sov_t64.txt;[]
САУ на базе Т-64;sp_artillery_tank_sov_t64_equipment;"Отдельная привязка техники не найдена; возможна общая модель батальона";;;common/units/equipment/ES_tank_chassis_sov_t64.txt;[]
Тяжелая САУ на базе Т-64;sp_heavy_artillery_tank_sov_t64_equipment;"Отдельная привязка техники не найдена; возможна общая модель батальона";;;common/units/equipment/ES_tank_chassis_sov_t64.txt;[]
РСЗО на базе Т-64;sp_mlrs_tank_sov_t64_equipment;"Отдельная привязка техники не найдена; возможна общая модель батальона";;;common/units/equipment/ES_tank_chassis_sov_t64.txt;[]
ТОС на базе Т-64;sp_tos_tank_sov_t64_equipment;"Отдельная привязка техники не найдена; возможна общая модель батальона";;;common/units/equipment/ES_tank_chassis_sov_t64.txt;[]
Шасси Т-72;tank_sov_t72_equipment;Ссылка на отсутствующую entity;t72_entity;tank_sov_t72_equipment;common/units/equipment/ES_tank_chassis_sov_t72.txt;[]
БМПТ на базе Т-72;bmpt_tank_sov_t72_equipment;"Отдельная привязка техники не найдена; возможна общая модель батальона";;;common/units/equipment/ES_tank_chassis_sov_t72.txt;[]
Тяжелая БМП на базе Т-72;ifv_heavy_sov_t72_equipment;Ссылка на отсутствующую entity;RUS_BMP_1;ifv_heavy_sov_chassis;common/units/equipment/ES_tank_chassis_sov_t72.txt;[]
БТР на базе Т-72;apc_tank_sov_t72_equipment;"Отдельная привязка техники не найдена; возможна общая модель батальона";;;common/units/equipment/ES_tank_chassis_sov_t72.txt;[]
ЗРК на базе Т-72;sp_aa_tank_sov_t72_equipment;"Отдельная привязка техники не найдена; возможна общая модель батальона";;;common/units/equipment/ES_tank_chassis_sov_t72.txt;[]
Мобильная установка с ПТУР на базе Т-72;sp_atgm_tank_sov_t72_equipment;"Отдельная привязка техники не найдена; возможна общая модель батальона";;;common/units/equipment/ES_tank_chassis_sov_t72.txt;[]
ИМР на базе Т-72;arv_tank_sov_t72_equipment;"Отдельная привязка техники не найдена; возможна общая модель батальона";;;common/units/equipment/ES_tank_chassis_sov_t72.txt;[]
САУ на базе Т-72;sp_artillery_tank_sov_t72_equipment;"Отдельная привязка техники не найдена; возможна общая модель батальона";;;common/units/equipment/ES_tank_chassis_sov_t72.txt;[]
Тяжелая САУ на базе Т-72;sp_heavy_artillery_tank_sov_t72_equipment;"Отдельная привязка техники не найдена; возможна общая модель батальона";;;common/units/equipment/ES_tank_chassis_sov_t72.txt;[]
РСЗО на базе Т-72;sp_mlrs_tank_sov_t72_equipment;"Отдельная привязка техники не найдена; возможна общая модель батальона";;;common/units/equipment/ES_tank_chassis_sov_t72.txt;[]
ТОС на базе Т-72;sp_tos_tank_sov_t72_equipment;"Отдельная привязка техники не найдена; возможна общая модель батальона";;;common/units/equipment/ES_tank_chassis_sov_t72.txt;[]
Шасси Т-80;tank_sov_t80_equipment;Модель из мода;t80_entity;tank_sov_t80_equipment;common/units/equipment/ES_tank_chassis_sov_t80.txt;"[[""t80_entity"", ""mod"", ""gfx/models/units/tanks/t80.mesh""]]"
БМПТ на базе Т-80;bmpt_tank_sov_t80_equipment;"Отдельная привязка техники не найдена; возможна общая модель батальона";;;common/units/equipment/ES_tank_chassis_sov_t80.txt;[]
Тяжелая БМП на базе Т-80;ifv_heavy_sov_t80_equipment;Ссылка на отсутствующую entity;UKR_T_64;ifv_heavy_sov_t64_equipment;common/units/equipment/ES_tank_chassis_sov_t80.txt;[]
БТР на базе Т-80;apc_tank_sov_t80_equipment;"Отдельная привязка техники не найдена; возможна общая модель батальона";;;common/units/equipment/ES_tank_chassis_sov_t80.txt;[]
ЗРК на базе Т-80;sp_aa_tank_sov_t80_equipment;"Отдельная привязка техники не найдена; возможна общая модель батальона";;;common/units/equipment/ES_tank_chassis_sov_t80.txt;[]
Мобильная установка с ПТУР на базе Т-80;sp_atgm_tank_sov_t80_equipment;"Отдельная привязка техники не найдена; возможна общая модель батальона";;;common/units/equipment/ES_tank_chassis_sov_t80.txt;[]
ИМР на базе Т-80;arv_tank_sov_t80_equipment;"Отдельная привязка техники не найдена; возможна общая модель батальона";;;common/units/equipment/ES_tank_chassis_sov_t80.txt;[]
САУ на базе Т-80;sp_artillery_tank_sov_t80_equipment;"Отдельная привязка техники не найдена; возможна общая модель батальона";;;common/units/equipment/ES_tank_chassis_sov_t80.txt;[]
Тяжелая САУ на базе Т-80;sp_heavy_artillery_tank_sov_t80_equipment;"Отдельная привязка техники не найдена; возможна общая модель батальона";;;common/units/equipment/ES_tank_chassis_sov_t80.txt;[]
РСЗО на базе Т-80;sp_mlrs_tank_sov_t80_equipment;"Отдельная привязка техники не найдена; возможна общая модель батальона";;;common/units/equipment/ES_tank_chassis_sov_t80.txt;[]
ТОС на базе Т-80;sp_tos_tank_sov_t80_equipment;"Отдельная привязка техники не найдена; возможна общая модель батальона";;;common/units/equipment/ES_tank_chassis_sov_t80.txt;[]
Шасси Т-84;tank_ukr_t84_equipment;Модель из мода;t80_entity;tank_sov_t80_equipment;common/units/equipment/ES_tank_chassis_sov_t84.txt;"[[""t80_entity"", ""mod"", ""gfx/models/units/tanks/t80.mesh""]]"
БМПТ на базе Т-84;bmpt_tank_ukr_t84_equipment;"Отдельная привязка техники не найдена; возможна общая модель батальона";;;common/units/equipment/ES_tank_chassis_sov_t84.txt;[]
БМП на базе Т-84;ifv_heavy_ukr_t84_equipment;Ссылка на отсутствующую entity;UKR_T_64;ifv_heavy_sov_t64_equipment;common/units/equipment/ES_tank_chassis_sov_t84.txt;[]
БТР на базе Т-84;apc_tank_ukr_t84_equipment;"Отдельная привязка техники не найдена; возможна общая модель батальона";;;common/units/equipment/ES_tank_chassis_sov_t84.txt;[]
ЗРК на базе Т-84;sp_aa_tank_ukr_t84_equipment;"Отдельная привязка техники не найдена; возможна общая модель батальона";;;common/units/equipment/ES_tank_chassis_sov_t84.txt;[]
Мобильная установка с ПТУР на базе Т-84;sp_atgm_tank_ukr_t84_equipment;"Отдельная привязка техники не найдена; возможна общая модель батальона";;;common/units/equipment/ES_tank_chassis_sov_t84.txt;[]
ИМР на базе Т-84;arv_tank_ukr_t84_equipment;"Отдельная привязка техники не найдена; возможна общая модель батальона";;;common/units/equipment/ES_tank_chassis_sov_t84.txt;[]
САУ на базе Т-84;sp_artillery_tank_ukr_t84_equipment;"Отдельная привязка техники не найдена; возможна общая модель батальона";;;common/units/equipment/ES_tank_chassis_sov_t84.txt;[]
Тяжелая САУ на базе Т-84;sp_heavy_artillery_tank_ukr_t84_equipment;"Отдельная привязка техники не найдена; возможна общая модель батальона";;;common/units/equipment/ES_tank_chassis_sov_t84.txt;[]
РСЗО на базе Т-84;sp_mlrs_tank_ukr_t84_equipment;"Отдельная привязка техники не найдена; возможна общая модель батальона";;;common/units/equipment/ES_tank_chassis_sov_t84.txt;[]
ТОС на базе Т-84;sp_tos_tank_ukr_t84_equipment;"Отдельная привязка техники не найдена; возможна общая модель батальона";;;common/units/equipment/ES_tank_chassis_sov_t84.txt;[]
Шасси Т-90;tank_rus_t90_equipment;Модель из мода;t90_entity;tank_rus_t90_equipment;common/units/equipment/ES_tank_chassis_sov_t90.txt;"[[""t90_entity"", ""mod"", ""gfx/models/units/tanks/t90m.mesh""]]"
БМПТ на базе Т-90;bmpt_tank_rus_t90_equipment;"Отдельная привязка техники не найдена; возможна общая модель батальона";;;common/units/equipment/ES_tank_chassis_sov_t90.txt;[]
Тяжелая БМП на базе Т-90;ifv_heavy_rus_t90_equipment;Ссылка на отсутствующую entity;RUS_BMP_1;ifv_heavy_sov_chassis;common/units/equipment/ES_tank_chassis_sov_t90.txt;[]
БТР на базе Т-90;apc_tank_rus_t90_equipment;"Отдельная привязка техники не найдена; возможна общая модель батальона";;;common/units/equipment/ES_tank_chassis_sov_t90.txt;[]
ЗРК на базе Т-90;sp_aa_tank_rus_t90_equipment;"Отдельная привязка техники не найдена; возможна общая модель батальона";;;common/units/equipment/ES_tank_chassis_sov_t90.txt;[]
Мобильная установка с ПТУР на базе Т-90;sp_atgm_tank_rus_t90_equipment;"Отдельная привязка техники не найдена; возможна общая модель батальона";;;common/units/equipment/ES_tank_chassis_sov_t90.txt;[]
ИМР на базе Т-90;arv_tank_rus_t90_equipment;"Отдельная привязка техники не найдена; возможна общая модель батальона";;;common/units/equipment/ES_tank_chassis_sov_t90.txt;[]
САУ на базе Т-90;sp_artillery_tank_rus_t90_equipment;"Отдельная привязка техники не найдена; возможна общая модель батальона";;;common/units/equipment/ES_tank_chassis_sov_t90.txt;[]
Тяжелая САУ на базе Т-90;sp_heavy_artillery_tank_rus_t90_equipment;"Отдельная привязка техники не найдена; возможна общая модель батальона";;;common/units/equipment/ES_tank_chassis_sov_t90.txt;[]
РСЗО на базе Т-90;sp_mlrs_tank_rus_t90_equipment;"Отдельная привязка техники не найдена; возможна общая модель батальона";;;common/units/equipment/ES_tank_chassis_sov_t90.txt;[]
ТОС на базе Т-90;sp_tos_tank_rus_t90_equipment;"Отдельная привязка техники не найдена; возможна общая модель батальона";;;common/units/equipment/ES_tank_chassis_sov_t90.txt;[]
Объект 477;tank_ukr_obj477_equipment;Модель из мода;t80_entity;tank_sov_t80_equipment;common/units/equipment/ES_tank_chassis_ukr_obj477.txt;"[[""t80_entity"", ""mod"", ""gfx/models/units/tanks/t80.mesh""]]"
БМПТ на базе Объект 477;bmpt_tank_ukr_obj477_equipment;"Отдельная привязка техники не найдена; возможна общая модель батальона";;;common/units/equipment/ES_tank_chassis_ukr_obj477.txt;[]
Тяжелая БМП на базе Объект 477;ifv_heavy_ukr_obj477_equipment;Ссылка на отсутствующую entity;UKR_T_64;ifv_heavy_sov_t64_equipment;common/units/equipment/ES_tank_chassis_ukr_obj477.txt;[]
БТР на базе Объект 477;apc_tank_ukr_obj477_equipment;"Отдельная привязка техники не найдена; возможна общая модель батальона";;;common/units/equipment/ES_tank_chassis_ukr_obj477.txt;[]
ЗРК на базе Объект 477;sp_aa_tank_ukr_obj477_equipment;"Отдельная привязка техники не найдена; возможна общая модель батальона";;;common/units/equipment/ES_tank_chassis_ukr_obj477.txt;[]
Мобильная установка с ПТУР на базе Объект 477;sp_atgm_tank_ukr_obj477_equipment;"Отдельная привязка техники не найдена; возможна общая модель батальона";;;common/units/equipment/ES_tank_chassis_ukr_obj477.txt;[]
ИМР на базе Объект 477;arv_tank_ukr_obj477_equipment;"Отдельная привязка техники не найдена; возможна общая модель батальона";;;common/units/equipment/ES_tank_chassis_ukr_obj477.txt;[]
САУ на базе Объект 477;sp_artillery_tank_ukr_obj477_equipment;"Отдельная привязка техники не найдена; возможна общая модель батальона";;;common/units/equipment/ES_tank_chassis_ukr_obj477.txt;[]
Тяжелая САУ на базе Объект 477;sp_heavy_artillery_tank_ukr_obj477_equipment;"Отдельная привязка техники не найдена; возможна общая модель батальона";;;common/units/equipment/ES_tank_chassis_ukr_obj477.txt;[]
РСЗО на базе Объект 477;sp_mlrs_tank_ukr_obj477_equipment;"Отдельная привязка техники не найдена; возможна общая модель батальона";;;common/units/equipment/ES_tank_chassis_ukr_obj477.txt;[]
ТОС на базе Объект 477;sp_tos_tank_ukr_obj477_equipment;"Отдельная привязка техники не найдена; возможна общая модель батальона";;;common/units/equipment/ES_tank_chassis_ukr_obj477.txt;[]
Шасси M48 Patton;tank_usa_m48patton_equipment;"Отдельная привязка техники не найдена; возможна общая модель батальона";;;common/units/equipment/ES_tank_chassis_usa_m48patton.txt;[]
Тяжелая БМП на базе M48 Patton;ifv_heavy_usa_m48patton_equipment;"Отдельная привязка техники не найдена; возможна общая модель батальона";;;common/units/equipment/ES_tank_chassis_usa_m48patton.txt;[]
БТР на базе M48 Patton;apc_tank_usa_m48patton_equipment;"Отдельная привязка техники не найдена; возможна общая модель батальона";;;common/units/equipment/ES_tank_chassis_usa_m48patton.txt;[]
ЗРК на базе M48 Patton;sp_aa_tank_usa_m48patton_equipment;"Отдельная привязка техники не найдена; возможна общая модель батальона";;;common/units/equipment/ES_tank_chassis_usa_m48patton.txt;[]
Мобильный ПТРК на базе M48 Patton;sp_atgm_tank_usa_m48patton_equipment;"Отдельная привязка техники не найдена; возможна общая модель батальона";;;common/units/equipment/ES_tank_chassis_usa_m48patton.txt;[]
ИМР на базе M48 Patton;arv_tank_usa_m48patton_equipment;"Отдельная привязка техники не найдена; возможна общая модель батальона";;;common/units/equipment/ES_tank_chassis_usa_m48patton.txt;[]
САУ на базе M48 Patton;sp_artillery_tank_usa_m48patton_equipment;"Отдельная привязка техники не найдена; возможна общая модель батальона";;;common/units/equipment/ES_tank_chassis_usa_m48patton.txt;[]
Тяжелая САУ на базе M48 Patton;sp_heavy_artillery_tank_usa_m48patton_equipment;"Отдельная привязка техники не найдена; возможна общая модель батальона";;;common/units/equipment/ES_tank_chassis_usa_m48patton.txt;[]
РСЗО на базе M48 Patton;sp_mlrs_tank_usa_m48patton_equipment;"Отдельная привязка техники не найдена; возможна общая модель батальона";;;common/units/equipment/ES_tank_chassis_usa_m48patton.txt;[]
Шасси M60 Patton;tank_usa_m60patton_equipment;"Отдельная привязка техники не найдена; возможна общая модель батальона";;;common/units/equipment/ES_tank_chassis_usa_m60patton.txt;[]
Тяжелая БМП на базе M60 Patton;ifv_heavy_usa_m60patton_equipment;"Отдельная привязка техники не найдена; возможна общая модель батальона";;;common/units/equipment/ES_tank_chassis_usa_m60patton.txt;[]
БТР на базе M60 Patton;apc_tank_usa_m60patton_equipment;"Отдельная привязка техники не найдена; возможна общая модель батальона";;;common/units/equipment/ES_tank_chassis_usa_m60patton.txt;[]
ЗРК на базе M60 Patton;sp_aa_tank_usa_m60patton_equipment;"Отдельная привязка техники не найдена; возможна общая модель батальона";;;common/units/equipment/ES_tank_chassis_usa_m60patton.txt;[]
Мобильный ПТРК на базе M60 Patton;sp_atgm_tank_usa_m60patton_equipment;"Отдельная привязка техники не найдена; возможна общая модель батальона";;;common/units/equipment/ES_tank_chassis_usa_m60patton.txt;[]
ИМР на базе M60 Patton;arv_tank_usa_m60patton_equipment;"Отдельная привязка техники не найдена; возможна общая модель батальона";;;common/units/equipment/ES_tank_chassis_usa_m60patton.txt;[]
САУ на базе M60 Patton;sp_artillery_tank_usa_m60patton_equipment;"Отдельная привязка техники не найдена; возможна общая модель батальона";;;common/units/equipment/ES_tank_chassis_usa_m60patton.txt;[]
Тяжелая САУ на базе M60 Patton;sp_heavy_artillery_tank_usa_m60patton_equipment;"Отдельная привязка техники не найдена; возможна общая модель батальона";;;common/units/equipment/ES_tank_chassis_usa_m60patton.txt;[]
РСЗО на базе M60 Patton;sp_mlrs_tank_usa_m60patton_equipment;"Отдельная привязка техники не найдена; возможна общая модель батальона";;;common/units/equipment/ES_tank_chassis_usa_m60patton.txt;[]
Шасси M1 Abrams;tank_usa_abrams_equipment;"Отдельная привязка техники не найдена; возможна общая модель батальона";;;common/units/equipment/ES_tank_chassis_usa_m60patton_abrams.txt;[]
Тяжелая БМП на базе M1 Abrams;ifv_heavy_usa_abrams_equipment;Ссылка на отсутствующую entity;RUS_BMP_1;ifv_heavy_sov_chassis;common/units/equipment/ES_tank_chassis_usa_m60patton_abrams.txt;[]
БТР на базе M1 Abrams;apc_tank_usa_abrams_equipment;"Отдельная привязка техники не найдена; возможна общая модель батальона";;;common/units/equipment/ES_tank_chassis_usa_m60patton_abrams.txt;[]
ЗРК на базе M1 Abrams;sp_aa_tank_usa_abrams_equipment;"Отдельная привязка техники не найдена; возможна общая модель батальона";;;common/units/equipment/ES_tank_chassis_usa_m60patton_abrams.txt;[]
Мобильный ПТРК на базе M1 Abrams;sp_atgm_tank_usa_abrams_equipment;"Отдельная привязка техники не найдена; возможна общая модель батальона";;;common/units/equipment/ES_tank_chassis_usa_m60patton_abrams.txt;[]
ИМР на базе M1 Abrams;arv_tank_usa_abrams_equipment;"Отдельная привязка техники не найдена; возможна общая модель батальона";;;common/units/equipment/ES_tank_chassis_usa_m60patton_abrams.txt;[]
САУ на базе M1 Abrams;sp_artillery_tank_usa_abrams_equipment;"Отдельная привязка техники не найдена; возможна общая модель батальона";;;common/units/equipment/ES_tank_chassis_usa_m60patton_abrams.txt;[]
Тяжелая САУ на базе M1 Abrams;sp_heavy_artillery_tank_usa_abrams_equipment;"Отдельная привязка техники не найдена; возможна общая модель батальона";;;common/units/equipment/ES_tank_chassis_usa_m60patton_abrams.txt;[]
РСЗО на базе M1 Abrams;sp_mlrs_tank_usa_abrams_equipment;"Отдельная привязка техники не найдена; возможна общая модель батальона";;;common/units/equipment/ES_tank_chassis_usa_m60patton_abrams.txt;[]
Шасси Atlas;uifv_atlas_equipment;"Отдельная привязка техники не найдена; возможна общая модель батальона";;;common/units/equipment/ES_uifv_chassis_nto_atlas.txt;[]
Шасси RCV;uifv_RCV_equipment;"Отдельная привязка техники не найдена; возможна общая модель батальона";;;common/units/equipment/ES_uifv_chassis_nto_atlas.txt;[]
Шасси Уран-9;uifv_uran9_equipment;"Отдельная привязка техники не найдена; возможна общая модель батальона";;;common/units/equipment/ES_uifv_chassis_rus_uran.txt;[]
